Dept,Subject,CourseNumber,Credits,Contact,Periods,Core,Min,Max,DF,Lookup,Summer,CourseCode
306FTG,ArmnShp,250,0,2xx,0,,1,35,0,ArmnShp 250,0,Amn250
306FTG,ArmnShp,251,0,0,0,,,999,0,ArmnShp 251,0,Amn251
306FTG,ArmnShp,302,0,2x,0,,,999,0,ArmnShp 302,0,Amn302
306FTG,ArmnShp,303,0,0,0,,,999,0,ArmnShp 303,0,Amn303
306FTG,ArmnShp,320,0,2,0,,,999,0,ArmnShp 320,0,Amn320
306FTG,ArmnShp,420,0,3x,0,,,999,0,ArmnShp 420,0,Amn420
306FTG,ArmnShp,461,0,3,0,2,,999,0,ArmnShp 461,0,Amn461
306FTG,ArmnShp,465,0,3,0,2,,999,0,ArmnShp 465,0,Amn465
306FTG,ArmnShp,471,0,3,0,2,,999,0,ArmnShp 471,0,Amn471
306FTG,ArmnShp,472,0,0,0,,,999,0,ArmnShp 472,0,Amn472
306FTG,ArmnShp,473,0,3,0,2,,999,0,ArmnShp 473,0,Amn473
306FTG,ArmnShp,474,0,3,0,2,,999,0,ArmnShp 474,0,Amn474
306FTG,ArmnShp,475,0,3,0,2,,999,0,ArmnShp 475,0,Amn475
306FTG,ArmnShp,490,0,2xx,0,,,999,0,ArmnShp 490,0,Amn490
306FTG,ArmnShp,491,0,2,0,2,,999,0,ArmnShp 491,0,Amn491
306FTG,ArmnShp,496,0,2,0,2,,999,0,ArmnShp 496,0,Amn496
306FTG,Aviation,401,0,1xx,0,,1,10,0,Aviation 401,0,Av401
AD,PhyEd,100,0,0,0,C,,999,0,PhyEd 100,0,Pe100
AD,PhyEd,110,0.5,2xx,0,C,,45,0,PhyEd 110,0,Pe110
AD,PhyEd,111,0.5,2xx,0,C,,36,0,PhyEd 111,0,Pe111
AD,PhyEd,112,0.5,2xx,0,C,,30,0,PhyEd 112,0,Pe112
AD,PhyEd,113,0.5,2xx,0,C,,999,0,PhyEd 113,0,Pe113
AD,PhyEd,114,0.5,2xx,0,C,,999,0,PhyEd 114,0,Pe114
AD,PhyEd,119,0.5,2xx,0,C,,20,0,PhyEd 119,0,Pe119
AD,PhyEd,120,0.5,2xx,0,C,,20,0,PhyEd 120,0,Pe120
AD,PhyEd,152,0.5,2xx,0,,,999,0,PhyEd 152,0,Pe152
AD,PhyEd,211,0.5,2xx,0,C,,20,0,PhyEd 211,0,Pe211
AD,PhyEd,215,0.5,2xx,0,C,,36,0,PhyEd 215,0,Pe215
AD,PhyEd,219,0.5,2xx,0,C,,999,0,PhyEd 219,0,Pe219
AD,PhyEd,222,0.5,2xx,0,C,,36,0,PhyEd 222,0,Pe222
AD,PhyEd,252,0.5,2xx,0,,,999,0,PhyEd 252,0,Pe252
AD,PhyEd,315,0.5,2xx,0,C,,36,0,PhyEd 315,0,Pe315
AD,PhyEd,340,0.5,2xx,0,,,15,0,PhyEd 340,0,Pe340
AD,PhyEd,341,0.5,2xx,0,,,22,0,PhyEd 341,0,Pe341
AD,PhyEd,342,0.5,2xx,0,,,22,0,PhyEd 342,0,Pe342
AD,PhyEd,343,0.5,2xx,0,,,15,0,PhyEd 343,0,Pe343
AD,PhyEd,344,0.5,2xx,0,,,15,0,PhyEd 344,0,Pe344
AD,PhyEd,345,0.5,2xx,0,,,15,0,PhyEd 345,0,Pe345
AD,PhyEd,346,0.5,2xx,0,,,15,0,PhyEd 346,0,Pe346
AD,PhyEd,352,0.5,2xx,0,,,999,0,PhyEd 352,0,Pe352
AD,PhyEd,440,3,2,2,,,999,0,PhyEd 440,0,Pe440
AD,PhyEd,452,0.5,2xx,0,,,999,0,PhyEd 452,0,Pe452
AD,PhyEd,460,3,1,0,,,999,0,PhyEd 460,0,Pe460
AD,PhyEd,477,0.5,2xx,0,,,999,0,PhyEd 477,0,Pe477
AD,PhyEd,479,0.5,2xx,0,,,999,0,PhyEd 479,0,Pe479
AD,PhyEd,484,0.5,2xx,0,,,30,0,PhyEd 484,0,Pe484
AD,PhyEd,486,0.5,2xx,0,,,25,0,PhyEd 486,0,Pe486
AD,PhyEd,487,0.5,2xx,0,,,25,0,PhyEd 487,0,Pe487
AD,PhyEd,488,0.5,2xx,0,,,25,0,PhyEd 488,0,Pe488
AD,PhyEd,499,0.5,0,0,,1,24,0,PhyEd 499,0,Pe499
AD,PhyEd,811,0,2,0,,,9999,0,PhyEd 811,0,Pe811
AD,PhyEd,816,0.5,2,0,,,9999,0,PhyEd 816,0,Pe816
AD,PhyEd,821,0,2,0,,,9999,0,PhyEd 821,0,Pe821
AD,PhyEd,826,0.5,2,0,,,9999,0,PhyEd 826,0,Pe826
AD,PhyEd,700,0,0,1,,,350,0,PhyEd 700,0,Pe700
AD,PhyEd,700F,0,0,1,,,350,0,PhyEd 700F,0,Pe700F
AD,PhyEd,700W,0,0,1,,,350,0,PhyEd 700W,0,Pe700W
AD,PhyEd,700S,0,0,1,,,350,0,PhyEd 700S,0,Pe700S
AD,PhyEd,711F,0,0,1,,,9999,0,PhyEd 711F,0,Pe711F
AD,PhyEd,712F,0,0,1,,,9999,0,PhyEd 712F,0,Pe712F
AD,PhyEd,713F,0,0,1,,,9999,0,PhyEd 713F,0,Pe713F
AD,PhyEd,714F,0,0,1,,,9999,0,PhyEd 714F,0,Pe714F
AD,PhyEd,715F,0,0,1,,,9999,0,PhyEd 715F,0,Pe715F
AD,PhyEd,716F,0,0,1,,,9999,0,PhyEd 716F,0,Pe716F
AD,PhyEd,717F,0,0,1,,,9999,0,PhyEd 717F,0,Pe717F
AD,PhyEd,718F,0,0,1,,,9999,0,PhyEd 718F,0,Pe718F
AD,PhyEd,711W,0,0,1,,,9999,0,PhyEd 711W,0,Pe711W
AD,PhyEd,712W,0,0,1,,,9999,0,PhyEd 712W,0,Pe712W
AD,PhyEd,713W,0,0,1,,,9999,0,PhyEd 713W,0,Pe713W
AD,PhyEd,714W,0,0,1,,,9999,0,PhyEd 714W,0,Pe714W
AD,PhyEd,715W,0,0,1,,,9999,0,PhyEd 715W,0,Pe715W
AD,PhyEd,716W,0,0,1,,,9999,0,PhyEd 716W,0,Pe716W
AD,PhyEd,717W,0,0,1,,,9999,0,PhyEd 717W,0,Pe717W
AD,PhyEd,718W,0,0,1,,,9999,0,PhyEd 718W,0,Pe718W
AD,PhyEd,711S,0,0,1,,,9999,0,PhyEd 711S,0,Pe711S
AD,PhyEd,712S,0,0,1,,,9999,0,PhyEd 712S,0,Pe712S
AD,PhyEd,713S,0,0,1,,,9999,0,PhyEd 713S,0,Pe713S
AD,PhyEd,714S,0,0,1,,,9999,0,PhyEd 714S,0,Pe714S
AD,PhyEd,715S,0,0,1,,,9999,0,PhyEd 715S,0,Pe715S
AD,PhyEd,716S,0,0,1,,,9999,0,PhyEd 716S,0,Pe716S
AD,PhyEd,717S,0,0,1,,,9999,0,PhyEd 717S,0,Pe717S
AD,PhyEd,718S,0,0,1,,,9999,0,PhyEd 718S,0,Pe718S
AD,PhyEd,916,0,2,0,,,9999,0,PhyEd 916,0,Pe916
AD,PhyEd,917,0,2,0,,,9999,0,PhyEd 917,0,Pe917
AD,PhyEd,925,0,2,0,,,9999,0,PhyEd 925,0,Pe925
AD,PhyEd,926,0,2,0,,,9999,0,PhyEd 926,0,Pe926
AD,PhyEd,927,0,2,0,,,9999,0,PhyEd 927,0,Pe927
CW,MilTng,100,0,0,0,,,999,0,MilTng 100,0,
CW,MilTng,201,0,0,0,,,999,0,MilTng 201,0,
CW,MilTng,205,0,0,0,,,999,0,MilTng 205,0,
CW,MilTng,233,0,0,0,,,999,0,MilTng 233,0,
CW,MilTng,234,0,0,0,,,999,0,MilTng 234,0,
CW,MilTng,235,0,0,0,,,999,0,MilTng 235,0,
CW,MilTng,270,0,0,0,,,999,0,MilTng 270,0,
CW,MilTng,300,0,0,0,,,999,0,MilTng 300,0,
CW,MilTng,302,0,0,0,,,999,0,MilTng 302,0,
CW,MilTng,305,0,0,0,,,999,0,MilTng 305,0,
CW,MilTng,309,0,0,0,,,999,0,MilTng 309,0,
CW,MilTng,315,0,0,0,,,999,0,MilTng 315,0,
CW,MilTng,332,0,0,0,,,999,0,MilTng 332,0,
CW,MilTng,341,0,0,0,,,999,0,MilTng 341,0,
CW,MilTng,351,0,0,0,,,999,0,MilTng 351,0,
CW,MilTng,352,0,0,0,,,999,0,MilTng 352,0,
CW,MilTng,369,0,0,0,,,999,0,MilTng 369,0,
CW,MilTng,370,0,0,0,,,999,0,MilTng 370,0,
CW,MilTng,400,0,0,0,,,999,0,MilTng 400,0,
CW,MilTng,402,0,0,0,,,999,0,MilTng 402,0,
CW,MilTng,403,0,0,0,,,999,0,MilTng 403,0,
CW,MilTng,407,0,0,0,,,999,0,MilTng 407,0,
CW,MilTng,408,0,0,0,,,999,0,MilTng 408,0,
CW,MilTng,411,0,0,0,,,999,0,MilTng 411,0,
CW,MilTng,412,0,0,0,,,999,0,MilTng 412,0,
CW,MilTng,413,0,0,0,,,999,0,MilTng 413,0,
CW,MilTng,435,0,0,0,,,999,0,MilTng 435,0,
CW,MilTng,441,0,0,0,,,999,0,MilTng 441,0,
CW,MilTng,442,0,0,0,,,999,0,MilTng 442,0,
CW,MilTng,443,0,0,0,,,999,0,MilTng 443,0,
CW,MilTng,444,0,0,0,,,999,0,MilTng 444,0,
CW,MilTng,445,0,0,0,,,999,0,MilTng 445,0,
CW,MilTng,446,0,0,0,,,999,0,MilTng 446,0,
CW,MilTng,447,0,0,0,,,999,0,MilTng 447,0,
CW,MilTng,451,0,0,0,,,999,0,MilTng 451,0,
CW,MilTng,452,0,0,0,,,999,0,MilTng 452,0,
CW,MilTng,481,0,0,0,,,999,0,MilTng 481,0,
CW,MilTng,486,0,0,0,,,999,0,MilTng 486,0,
CW,MilTng,488,0,0,0,,,999,0,MilTng 488,0,
DFAN,AeroEngr,210,3,1,1,C,6,20,1,AeroEngr 210,0,Ae210
DFAN,AeroEngr,241,3,1,1,,6,24,1,AeroEngr 241,0,Ae241
DFAN,AeroEngr,315,3,1,1,C,6,24,1,AeroEngr 315,1,Ae315
DFAN,AeroEngr,315Z,3,1,1,C,6,16,1,AeroEngr 315Z,0,Ae315Z
DFAN,AeroEngr,341,3,1,1,,6,24,1,AeroEngr 341,0,Ae341
DFAN,AeroEngr,342,3,2,2,,6,24,1,AeroEngr 342,0,Ae342
DFAN,AeroEngr,351,3,1,1,,6,24,1,AeroEngr 351,0,Ae351
DFAN,AeroEngr,352,3,1,1,,6,24,1,AeroEngr 352,0,Ae352
DFAN,AeroEngr,361,3,1,1,,6,24,1,AeroEngr 361,0,Ae361
DFAN,AeroEngr,436,3,1,1,,6,24,1,AeroEngr 436,0,Ae436
DFAN,AeroEngr,442,3,1,1,,6,24,1,AeroEngr 442,0,Ae442
DFAN,AeroEngr,446,3,1,1,,6,24,1,AeroEngr 446,0,Ae446
DFAN,AeroEngr,456,3,2,2,,6,8,1,AeroEngr 456,0,Ae456
DFAN,AeroEngr,457,3,1,1,,6,24,1,AeroEngr 457,0,Ae457
DFAN,AeroEngr,466,3,1,1,,6,24,1,AeroEngr 466,0,Ae466
DFAN,AeroEngr,471,3,2,2,,6,12,1,AeroEngr 471,0,Ae471
DFAN,AeroEngr,472,3,1,1,,6,24,1,AeroEngr 472,0,Ae472
DFAN,AeroEngr,481,3,2,2,,6,12,1,AeroEngr 481,0,Ae481
DFAN,AeroEngr,482,3,2,2,,6,12,1,AeroEngr 482,0,Ae482
DFAN,AeroEngr,483,3,2,2,,6,12,1,AeroEngr 483,0,Ae483
DFAN,AeroEngr,495,3,1,1,,6,24,1,AeroEngr 495,0,Ae495
DFAN,AeroEngr,499,3,0,0,,1,24,1,AeroEngr 499,0,Ae499
DFAN,AeroEngr,210S,3,1,1,L,6,24,1,AeroEngr 210S,0,Ae210S
DFAN,AeroEngr,315S,3,1,1,L,6,8,1,AeroEngr 315S,0,Ae315S
DFAN,AeroEngr,456L,1,2,2,,6,8,1,AeroEngr 456L,0,Ae456L
DFAN,AeroEngr,481T1,3,2,2,,6,12,1,AeroEngr 481T1,0,Ae481T1
DFAN,SysEngr,491A,3,1,1,,1,999,1,SysEngr 491A,0,Se491A
DFAN,SysEngr,492A,3,1,1,,1,999,1,SysEngr 492A,0,Se492A
DFAS,AstroEngr,201,1,1,1,,6,24,1,AstroEngr 201,0,As201
DFAS,AstroEngr,310,3,1,1,C,6,24,1,AstroEngr 310,1,As310
DFAS,AstroEngr,321,3,1,1,,6,24,1,AstroEngr 321,0,As321
DFAS,AstroEngr,331,3,2,2,,6,15,1,AstroEngr 331,0,As331
DFAS,AstroEngr,332,3,1,1,,,999,1,AstroEngr 332,0,As332
DFAS,AstroEngr,335,3,1,1,,6,24,1,AstroEngr 335,0,As335
DFAS,AstroEngr,351,3,1,1,,6,24,1,AstroEngr 351,0,As351
DFAS,AstroEngr,422,3,1,1,,6,24,1,AstroEngr 422,0,As422
DFAS,AstroEngr,423,3,1,1,,6,24,1,AstroEngr 423,0,As423
DFAS,AstroEngr,436,4,2,2,,6,45,1,AstroEngr 436,0,As436
DFAS,AstroEngr,437,4,2,2,,6,45,1,AstroEngr 437,0,As437
DFAS,AstroEngr,445,3,1,1,,6,24,1,AstroEngr 445,0,As445
DFAS,AstroEngr,495,3,1,1,,6,24,1,AstroEngr 495,0,As495
DFAS,AstroEngr,499,3,0,0,,1,999,1,AstroEngr 499,0,As499
DFAS,AstroEngr,543,3,1,1,,6,24,1,AstroEngr 543,0,As543
DFAS,AstroEngr,310S,3,1,1,L,6,24,1,AstroEngr 310S,0,As310S
DFAS,AstroEngr,310SO,3,1,1,C,6,24,1,AstroEngr 310SO,0,As310SO
DFAS,Engr,341,3,1,1,,6,24,1,Engr 341,0,Eng341
DFAS,Engr,342,3,2,2,,6,24,1,Engr 342,0,Eng342
DFAS,Engr,443,3,1,1,,6,24,1,Engr 443,0,Eng443
DFAS,Space,251,0,2xx,0,,6,999,0,Space 251,0,Spc251
DFAS,Space,252,0,2xx,0,,6,999,0,Space 252,0,Spc252
DFAS,Space,350,3,2,2,,6,24,1,Space 350,0,Spc350
DFAS,Space,472,0,2,2,,6,999,0,Space 472,0,Spc472
DFAS,Space,473,0,2,2,,6,999,0,Space 473,0,Spc473
DFAS,SysEngr,491B,3,1,1,,1,999,1,SysEngr 491B,0,Se491B
DFAS,SysEngr,492B,3,1,1,,1,999,1,SysEngr 492B,0,Se492B
DFB,Biology,215,4,2,2,C,6,24,1,Biology 215,1,Bio215
DFB,Biology,315,3,1,1,C,6,24,1,Biology 315,0,Bio315
DFB,Biology,320,3,1,1,,6,24,1,Biology 320,0,Bio320
DFB,Biology,330,4,2,2,,6,16,1,Biology 330,0,Bio330
DFB,Biology,331,4,2,2,,6,20,1,Biology 331,0,Bio331
DFB,Biology,332,3,1,1,,6,24,1,Biology 332,0,Bio332
DFB,Biology,345,3,1,1,,6,30,1,Biology 345,0,Bio345
DFB,Biology,360,3,1,1,,6,24,1,Biology 360,0,Bio360
DFB,Biology,363,4,2,2,,6,18,1,Biology 363,0,Bio363
DFB,Biology,364,3,2,2,,6,12,1,Biology 364,0,Bio364
DFB,Biology,365,1.5,1,1,,6,20,1,Biology 365,0,Bio365
DFB,Biology,366,3,1,1,,,999,1,Biology 366,0,Bio366
DFB,Biology,370,3,1,1,,6,30,1,Biology 370,0,Bio370
DFB,Biology,380,3,1,1,,6,30,1,Biology 380,0,Bio380
DFB,Biology,410,3,2,2,,6,24,1,Biology 410,0,Bio410
DFB,Biology,430,3,2,2,,6,24,1,Biology 430,0,Bio430
DFB,Biology,431,3,2,2,,6,24,1,Biology 431,0,Bio431
DFB,Biology,440,3,2,2,,6,24,1,Biology 440,0,Bio440
DFB,Biology,459,3,1,1,,6,12,1,Biology 459,0,Bio459
DFB,Biology,480,3,1,1,,6,24,1,Biology 480,0,Bio480
DFB,Biology,481,3,2,2,,6,24,1,Biology 481,0,Bio481
DFB,Biology,495,3,1,1,,6,24,1,Biology 495,0,Bio495
DFB,Biology,499,3,0,0,,1,24,1,Biology 499,0,Bio499
DFBL,BehSci,100,3,1,1,,6,24,1,BehSci 100,0,Bs100
DFBL,BehSci,110,3,1,1,C,6,24,1,BehSci 110,0,Bs110
DFBL,BehSci,231,3,1,1,,6,24,1,BehSci 231,0,Bs231
DFBL,BehSci,310,3,1,1,C,6,24,1,BehSci 310,0,Bs310
DFBL,BehSci,325,3,1,1,,,999,1,BehSci 325,0,Bs325
DFBL,BehSci,330,3,1,1,,6,24,1,BehSci 330,0,Bs330
DFBL,BehSci,332,3,1,1,,6,24,1,BehSci 332,0,Bs332
DFBL,BehSci,335,3,2,2,,6,25,1,BehSci 335,0,Bs335
DFBL,BehSci,352,3,1,1,,6,24,1,BehSci 352,0,Bs352
DFBL,BehSci,355,3,1,1,,6,24,1,BehSci 355,0,Bs355
DFBL,BehSci,358,3,1,1,,6,24,1,BehSci 358,0,Bs358
DFBL,BehSci,360,3,1,1,,6,24,1,BehSci 360,0,Bs360
DFBL,BehSci,362,3,1,1,,6,24,1,BehSci 362,0,Bs362
DFBL,BehSci,364,3,1,1,,6,24,1,BehSci 364,0,Bs364
DFBL,BehSci,366,3,1,1,,,999,1,BehSci 366,0,Bs366
DFBL,BehSci,373,3,1,1,,6,24,1,BehSci 373,0,Bs373
DFBL,BehSci,375,3,1,1,,6,24,1,BehSci 375,0,Bs375
DFBL,BehSci,377,3,1,1,,6,24,1,BehSci 377,0,Bs377
DFBL,BehSci,380,3,1,1,,6,24,1,BehSci 380,0,Bs380
DFBL,BehSci,390,3,1,1,,6,24,1,BehSci 390,0,Bs390
DFBL,BehSci,410,3,1,1,,6,24,1,BehSci 410,0,Bs410
DFBL,BehSci,440,3,1,1,,6,24,1,BehSci 440,0,Bs440
DFBL,BehSci,471,3,1,1,,6,35,1,BehSci 471,0,Bs471
DFBL,BehSci,473,3,1,1,,6,24,1,BehSci 473,0,Bs473
DFBL,BehSci,495,3,1,1,,6,24,1,BehSci 495,0,Bs495
DFBL,BehSci,497,3,1,1,,1,999,1,BehSci 497,0,Bs497
DFBL,BehSci,498,3,1,1,,1,999,1,BehSci 498,0,Bs498
DFBL,BehSci,499,3,0,0,,1,24,1,BehSci 499,0,Bs499
DFBL,BehSci,110S,3,1,1,L,6,24,1,BehSci 110S,0,Bs110S
DFBL,BehSci,497B,3,1,1,,1,999,1,BehSci 497B,0,Bs497B
DFBL,BehSci,497M3,3,1,1,,1,999,1,BehSci 497M3,0,Bs497M3
DFBL,SysEngr,470,3,1,1,,6,24,1,SysEngr 470,0,Se470
DFBL,SysEngr,491BL,3,1,1,,1,999,1,SysEngr 491BL,0,Se491BL
DFBL,SysEngr,492BL,3,1,1,,1,999,1,SysEngr 492BL,0,Se492BL
DFC,Chem,100,4,2,2,C,6,24,1,Chem 100,0,Chm100
DFC,Chem,200,4,2,2,C,6,24,1,Chem 200,1,Chm200
DFC,Chem,222,4,2,2,,6,12,1,Chem 222,0,Chm222
DFC,Chem,230,3,1,1,,6,33,1,Chem 230,0,Chm230
DFC,Chem,233,3,1,1,,6,30,1,Chem 233,0,Chm233
DFC,Chem,234,3,1,1,,6,30,1,Chem 234,0,Chm234
DFC,Chem,243,3,2,2,,6,10,1,Chem 243,0,Chm243
DFC,Chem,325,3,1,1,,6,24,1,Chem 325,0,Chm325
DFC,Chem,335,3,1,1,,6,22,1,Chem 335,0,Chm335
DFC,Chem,336,3,1,1,,6,22,1,Chem 336,0,Chm336
DFC,Chem,344,3,2,2,,6,10,1,Chem 344,0,Chm344
DFC,Chem,350,3,1,1,,6,24,1,Chem 350,0,Chm350
DFC,Chem,381,3,1,1,,6,24,1,Chem 381,0,Chm381
DFC,Chem,431,3,1,1,,6,22,1,Chem 431,0,Chm431
DFC,Chem,432,3,1,1,,6,22,1,Chem 432,0,Chm432
DFC,Chem,434,3,1,1,,6,22,1,Chem 434,0,Chm434
DFC,Chem,435,3,2,2,,6,24,1,Chem 435,0,Chm435
DFC,Chem,440,4,2,2,,6,24,1,Chem 440,0,Chm440
DFC,Chem,444,3,2,2,,1,7,1,Chem 444,0,Chm444
DFC,Chem,445,3,2,2,,6,8,1,Chem 445,0,Chm445
DFC,Chem,465,4,2,2,,6,10,1,Chem 465,0,Chm465
DFC,Chem,481,3,1,1,,6,22,1,Chem 481,0,Chm481
DFC,Chem,482,3,1,1,,6,22,1,Chem 482,0,Chm482
DFC,Chem,491,3,2,2,,6,6,1,Chem 491,0,Chm491
DFC,Chem,499,3,0,0,,1,24,1,Chem 499,0,Chm499
DFC,Chem,200FR,4,2,2,C,6,24,1,Chem 200FR,0,Chm200FR
DFCE,CivEngr,215,3,1,1,,6,16,1,CivEngr 215,0,Ce215
DFCE,CivEngr,330,3,1,1,,6,20,1,CivEngr 330,0,Ce330
DFCE,CivEngr,351,3,1,1,,6,80,1,CivEngr 351,1,Ce351
DFCE,CivEngr,352,3,2,2,,6,24,1,CivEngr 352,0,Ce352
DFCE,CivEngr,356,3,1,1,,6,20,1,CivEngr 356,0,Ce356
DFCE,CivEngr,361,3,1,1,,6,20,1,CivEngr 361,0,Ce361
DFCE,CivEngr,362,3,1,1,,6,16,1,CivEngr 362,0,Ce362
DFCE,CivEngr,363,3,1,1,,,999,1,CivEngr 363,0,Ce363
DFCE,CivEngr,365,3,1,1,,6,24,1,CivEngr 365,0,Ce365
DFCE,CivEngr,372,3,1,1,,6,20,1,CivEngr 372,0,Ce372
DFCE,CivEngr,373,3,1,1,,6,20,1,CivEngr 373,0,Ce373
DFCE,CivEngr,390,3,2,2,,6,16,1,CivEngr 390,0,Ce390
DFCE,CivEngr,405,0,1,0,,1,60,1,CivEngr 405,0,Ce405
DFCE,CivEngr,461,3,1,1,,6,19,1,CivEngr 461,0,Ce461
DFCE,CivEngr,463,3,1,1,,6,16,1,CivEngr 463,0,Ce463
DFCE,CivEngr,464,3,2,2,,6,15,1,CivEngr 464,0,Ce464
DFCE,CivEngr,467,3,1,1,,6,24,1,CivEngr 467,0,Ce467
DFCE,CivEngr,473,3,2,2,,6,16,1,CivEngr 473,0,Ce473
DFCE,CivEngr,474,3,1,1,,6,16,1,CivEngr 474,0,Ce474
DFCE,CivEngr,480,3,1,1,,6,24,1,CivEngr 480,0,Ce480
DFCE,CivEngr,485,3,1,1,,6,24,1,CivEngr 485,0,Ce485
DFCE,CivEngr,486,3,1x,1,,12,16,1,CivEngr 486,0,Ce486
DFCE,CivEngr,488,3,1,1,,6,20,1,CivEngr 488,0,Ce488
DFCE,CivEngr,491,3,1,1,,6,16,1,CivEngr 491,0,Ce491
DFCE,CivEngr,492,3,1,1,,6,16,1,CivEngr 492,0,Ce492
DFCE,CivEngr,495,3,1,1,,6,10,1,CivEngr 495,0,Ce495
DFCE,CivEngr,499,3,0,0,,1,24,1,CivEngr 499,0,Ce499
DFCE,Engr,402,3,1,1,,6,100,1,Engr 402,0,Eng402
DFCS,CompSci,110,3,1,1,C,6,26,1,CompSci 110,0,Cs110
DFCS,CompSci,206,1.5,1x,1,,12,48,1,CompSci 206,0,Cs206
DFCS,CompSci,210,4,2,2,,6,24,1,CompSci 210,0,Cs210
DFCS,CompSci,211,4,2,2,,6,24,1,CompSci 211,0,Cs211
DFCS,CompSci,212,4,2,2,,6,24,1,CompSci 212,0,Cs212
DFCS,CompSci,220,3,1,1,,6,24,1,CompSci 220,0,Cs220
DFCS,CompSci,330,3,1,1,,6,24,1,CompSci 330,0,Cs330
DFCS,CompSci,350,3,1,1,,6,24,1,CompSci 350,0,Cs350
DFCS,CompSci,351,3,1,1,,6,24,1,CompSci 351,0,Cs351
DFCS,CompSci,360,3,1,1,,6,24,1,CompSci 360,0,Cs360
DFCS,CompSci,362,3,1,1,,6,24,1,CompSci 362,0,Cs362
DFCS,CompSci,364,3,1,1,,6,24,1,CompSci 364,0,Cs364
DFCS,CompSci,380,3,1,1,,6,24,1,CompSci 380,0,Cs380
DFCS,CompSci,385,3,1,1,,6,24,1,CompSci 385,0,Cs385
DFCS,CompSci,426,3,1,1,,6,24,1,CompSci 426,0,Cs426
DFCS,CompSci,431,3,1,1,,6,24,1,CompSci 431,0,Cs431
DFCS,CompSci,438,3,2,2,,1,999,1,CompSci 438,0,Cs438
DFCS,CompSci,439,3,2,2,,1,999,1,CompSci 439,0,Cs439
DFCS,CompSci,453,3,2,2,,1,999,1,CompSci 453,0,Cs453
DFCS,CompSci,454,3,2,2,,1,999,1,CompSci 454,0,Cs454
DFCS,CompSci,467,3,1,1,,6,24,1,CompSci 467,0,Cs467
DFCS,CompSci,471,3,1,1,,6,24,1,CompSci 471,0,Cs471
DFCS,CompSci,474,3,1,1,,6,24,1,CompSci 474,0,Cs474
DFCS,CompSci,476,3,1,1,,6,24,1,CompSci 476,0,Cs476
DFCS,CompSci,483,3,1,1,,6,24,1,CompSci 483,0,Cs483
DFCS,CompSci,495,3,1,1,,6,24,1,CompSci 495,0,Cs495
DFCS,CompSci,499,3,0,0,,1,24,1,CompSci 499,0,Cs499
DFCS,CompSci,110H,3,1,1,H,6,24,1,CompSci 110H,0,Cs110H
DFCS,CompSci,110S,3,1,1,L,6,24,1,CompSci 110S,0,Cs110S
DFCS,Cyber,256,0,0,0,,6,24,0,Cyber 256,0,Cy256
DFCS,Cyber,350,3,2,2,,6,24,1,Cyber 350,0,Cy350
DFCS,Cyber,472,0,0,0,,6,24,0,Cyber 472,0,Cy472
DFCS,Cyber,473,0,0,0,,6,24,0,Cyber 473,0,Cy473
DFCS,CyberSci,333,4,2,2,,6,24,1,CyberSci 333,0,
DFCS,CyberSci,334,3,1,1,,6,24,1,CyberSci 334,0,
DFCS,CyberSci,435,3,1,1,,6,24,1,CyberSci 435,0,
DFCS,CyberSci,438,3,2,2,,1,999,1,CyberSci 438,0,
DFCS,CyberSci,439,3,2,2,,1,999,1,CyberSci 439,0,
DFCS,OpsRsch,417,3,1,1,,6,24,1,OpsRsch 417,0,Or417
DFCS,SysEngr,491C,3,1,1,,1,999,1,SysEngr 491C,0,Se491C
DFCS,SysEngr,492C,3,1,1,,1,999,1,SysEngr 492C,0,Se492C
DFEC,ECE,210,3,1,1,,6,24,1,ECE 210,0,Ece210
DFEC,ECE,215,3,1,1,,6,24,1,ECE 215,0,Ece215
DFEC,ECE,231,3,1,1,C,6,24,1,ECE 231,0,Ece231
DFEC,ECE,281,3,1,1,,6,24,1,ECE 281,0,Ece281
DFEC,ECE,311,3,1,1,,6,24,1,ECE 311,0,Ece311
DFEC,ECE,315,3,1,1,C,6,26,1,ECE 315,1,Ece315
DFEC,ECE,321,3,2,2,,6,24,1,ECE 321,0,Ece321
DFEC,ECE,322,3,2,2,,6,24,1,ECE 322,0,Ece322
DFEC,ECE,332,3,1,1,,6,24,1,ECE 332,0,Ece332
DFEC,ECE,333,3,1,1,,6,24,1,ECE 333,0,Ece333
DFEC,ECE,343,3,1,1,,6,24,1,ECE 343,0,Ece343
DFEC,ECE,346,3,1,1,,,999,1,ECE 346,0,Ece346
DFEC,ECE,348,3,1,1,,6,24,1,ECE 348,0,Ece348
DFEC,ECE,373,3,2,2,,6,24,1,ECE 373,0,Ece373
DFEC,ECE,382,3,1,1,,6,24,1,ECE 382,0,Ece382
DFEC,ECE,383,3,2,2,,6,24,1,ECE 383,0,Ece383
DFEC,ECE,387,3,1,1,,6,24,1,ECE 387,0,Ece387
DFEC,ECE,423,3,1,1,,6,24,1,ECE 423,0,Ece423
DFEC,ECE,434,3,1,1,,6,24,1,ECE 434,0,Ece434
DFEC,ECE,444,3,1,1,,6,24,1,ECE 444,0,Ece444
DFEC,ECE,447,3,1,1,,6,24,1,ECE 447,0,Ece447
DFEC,ECE,448,3,1,1,,6,24,1,ECE 448,0,Ece448
DFEC,ECE,463,3,2,2,,6,24,1,ECE 463,0,Ece463
DFEC,ECE,464,3,2,2,,6,24,1,ECE 464,0,Ece464
DFEC,ECE,484,3,2,2,,6,24,1,ECE 484,0,Ece484
DFEC,ECE,485,3,1,1,,6,24,1,ECE 485,0,Ece485
DFEC,ECE,495,3,1,1,,6,24,1,ECE 495,0,Ece495
DFEC,ECE,499,3,0,0,,1,24,1,ECE 499,0,Ece499
DFEC,Engr,311,3,1,1,C,6,24,1,Engr 311,0,Eng311
DFEC,SysEngr,491E,3,1,1,,1,999,1,SysEngr 491E,0,Se491E
DFEC,SysEngr,492E,3,1,1,,1,999,1,SysEngr 492E,0,Se492E
DFEG,Econ,201,3.5,2,2,C,6,24,1,Econ 201,1,Ecn201
DFEG,Econ,240,3,1,1,,6,24,1,Econ 240,0,Ecn240
DFEG,Econ,332,3,1,1,,6,24,1,Econ 332,0,Ecn332
DFEG,Econ,333,3,1,1,,6,24,1,Econ 333,0,Ecn333
DFEG,Econ,351,3,1,1,,6,24,1,Econ 351,0,Ecn351
DFEG,Econ,355,3,1,1,,6,24,1,Econ 355,0,Ecn355
DFEG,Econ,356,3,1,1,,6,24,1,Econ 356,0,Ecn356
DFEG,Econ,365,3,1,1,,6,24,1,Econ 365,0,Ecn365
DFEG,Econ,374,3,1,1,,6,24,1,Econ 374,0,Ecn374
DFEG,Econ,377,3,1,1,,6,24,1,Econ 377,0,Ecn377
DFEG,Econ,411,3,1,1,,6,24,1,Econ 411,0,Ecn411
DFEG,Econ,422,3,1,1,,6,24,1,Econ 422,0,Ecn422
DFEG,Econ,423,3,1,1,,6,60,1,Econ 423,0,Ecn423
DFEG,Econ,440,3,1,1,,6,24,1,Econ 440,0,Ecn440
DFEG,Econ,447,3,1,1,,6,24,1,Econ 447,0,Ecn447
DFEG,Econ,450,3,1,1,,6,24,1,Econ 450,0,Ecn450
DFEG,Econ,454,3,1,1,,6,24,1,Econ 454,0,Ecn454
DFEG,Econ,465,3,1,1,,6,24,1,Econ 465,0,Ecn465
DFEG,Econ,466,3,1,1,,6,24,1,Econ 466,0,Ecn466
DFEG,Econ,473,3,1,1,,6,24,1,Econ 473,0,Ecn473
DFEG,Econ,475,3,1,1,,6,24,1,Econ 475,0,Ecn475
DFEG,Econ,476,3,1,1,,6,24,1,Econ 476,0,Ecn476
DFEG,Econ,480,3,1,1,,6,24,1,Econ 480,0,Ecn480
DFEG,Econ,481,3,1,1,,1,999,1,Econ 481,0,Ecn481
DFEG,Econ,482,3,1,1,,1,999,1,Econ 482,0,Ecn482
DFEG,Econ,495,3,1,1,,6,24,1,Econ 495,0,Ecn495
DFEG,Econ,499,3,0,0,,1,24,1,Econ 499,0,Ecn499
DFEG,Econ,201FR,3.5,2,2,C,6,24,1,Econ 201FR,0,Ecn201FR
DFEG,Econ,201S,3,2,2,L,6,24,1,Econ 201S,0,Ecn201S
DFEG,Geo,200,3,1,1,,,999,1,Geo 200,0,Geo200
DFEG,Geo,250,3,1,1,,6,24,1,Geo 250,0,Geo250
DFEG,Geo,310,3,1,1,C,6,24,1,Geo 310,0,Geo310
DFEG,Geo,340,3,1,1,,6,24,1,Geo 340,0,Geo340
DFEG,Geo,351,3,1,1,,6,24,1,Geo 351,0,Geo351
DFEG,Geo,353,3,1,1,,6,24,1,Geo 353,0,Geo353
DFEG,Geo,370,3,1,1,,6,24,1,Geo 370,0,Geo370
DFEG,Geo,382,3,1,1,,6,24,1,Geo 382,0,Geo382
DFEG,Geo,410,3,1,1,,6,24,1,Geo 410,0,Geo410
DFEG,Geo,412,3,1,1,,6,24,1,Geo 412,0,Geo412
DFEG,Geo,440,3,1,1,,,999,1,Geo 440,0,Geo440
DFEG,Geo,482,3,2,2,,6,24,1,Geo 482,0,Geo482
DFEG,Geo,495,3,1,1,,6,24,1,Geo 495,0,Geo495
DFEG,Geo,498,3,2,2,,6,24,1,Geo 498,0,Geo498
DFEG,Geo,499,3,0,0,,1,999,1,Geo 499,0,Geo499
DFEG,Meteor,325,3,1,1,,6,24,1,Meteor 325,0,Met325
DFEG,Meteor,351,3,1,1,,6,24,1,Meteor 351,0,Met351
DFEG,Meteor,352,3,1,1,,6,24,1,Meteor 352,0,Met352
DFEG,Meteor,370,3,1,1,,6,24,1,Meteor 370,0,Met370
DFEG,Meteor,440,3,1,1,,6,24,1,Meteor 440,0,Met440
DFEG,Meteor,450,1.5,1x,1,,6,24,1,Meteor 450,0,Met450
DFEG,Meteor,451,3,1,1,,6,24,1,Meteor 451,0,Met451
DFEG,Meteor,452,3,1,1,,6,24,1,Meteor 452,0,Met452
DFEG,Meteor,490,3,2,2,,6,24,1,Meteor 490,0,Met490
DFEG,OpsRsch,331,3,1,1,,6,24,1,OpsRsch 331,0,Or331
DFEG,SocSci,400,3,2,2,,6,24,1,SocSci 400,0,Ss400
DFEG,SocSci,444,3,1,1,,,999,1,SocSci 444,0,Ss444
DFEM,Engr,495,3,1,1,,6,24,1,Engr 495,0,Eng495
DFEM,EngrMech,220,3,1,1,C,6,27,1,EngrMech 220,1,Em220
DFEM,EngrMech,305,3,1,1,,6,15,1,EngrMech 305,0,Em305
DFEM,EngrMech,320,3,1,1,,6,24,1,EngrMech 320,0,Em320
DFEM,EngrMech,330,3,1,1,,6,24,1,EngrMech 330,0,Em330
DFEM,EngrMech,332,3,1,1,,6,24,1,EngrMech 332,0,Em332
DFEM,EngrMech,340,3,1,1,,6,24,1,EngrMech 340,0,Em340
DFEM,EngrMech,350,3,1,1,,6,24,1,EngrMech 350,0,Em350
DFEM,EngrMech,421,3,1,1,,6,24,1,EngrMech 421,0,Em421
DFEM,EngrMech,431,3,1,1,,6,24,1,EngrMech 431,0,Em431
DFEM,EngrMech,440,3,2,2,,6,15,1,EngrMech 440,0,Em440
DFEM,EngrMech,445,3,1,1,,6,24,1,EngrMech 445,0,Em445
DFEM,EngrMech,450,3,1,1,,6,20,1,EngrMech 450,0,Em450
DFEM,EngrMech,460,3,2,2,,6,20,1,EngrMech 460,0,Em460
DFEM,EngrMech,495,3,1,1,,6,24,1,EngrMech 495,0,Em495
DFEM,EngrMech,220S,3,1,1,L,6,27,1,EngrMech 220S,0,Em220S
DFEM,EngrMech,220V,0,0,0,,1,999,1,EngrMech 220V,0,Em220V
DFEM,MechEngr,220,3,1,1,C,6,24,1,MechEngr 220,0,Me220
DFEM,MechEngr,312,3,1,1,,6,24,1,MechEngr 312,0,Me312
DFEM,MechEngr,320,3,1,1,,6,24,1,MechEngr 320,0,Me320
DFEM,MechEngr,325,3,1,1,,6,24,1,MechEngr 325,0,Me325
DFEM,MechEngr,330,3,1,1,,6,24,1,MechEngr 330,0,Me330
DFEM,MechEngr,340,3,1,1,,6,24,1,MechEngr 340,0,Me340
DFEM,MechEngr,341,3,1,1,,6,24,1,MechEngr 341,0,Me341
DFEM,MechEngr,350,3,1,1,,6,24,1,MechEngr 350,0,Me350
DFEM,MechEngr,370,3,1,1,,6,24,1,MechEngr 370,0,Me370
DFEM,MechEngr,396,3,1,1,,6,20,1,MechEngr 396,0,Me396
DFEM,MechEngr,405,0,1,0,,1,999,1,MechEngr 405,0,Me405
DFEM,MechEngr,406,0,1,0,,1,999,1,MechEngr 406,0,Me406
DFEM,MechEngr,421,3,1,1,,6,24,1,MechEngr 421,0,Me421
DFEM,MechEngr,441,3,1,1,,6,24,1,MechEngr 441,0,Me441
DFEM,MechEngr,445,3,1,1,,6,24,1,MechEngr 445,0,Me445
DFEM,MechEngr,450,3,1,1,,6,24,1,MechEngr 450,0,Me450
DFEM,MechEngr,467,3,1,1,,6,24,1,MechEngr 467,0,Me467
DFEM,MechEngr,468,3,1,1,,6,24,1,MechEngr 468,0,Me468
DFEM,MechEngr,490,3,1,1,,6,24,1,MechEngr 490,0,Me490
DFEM,MechEngr,491,3,2,2,,1,999,1,MechEngr 491,0,Me491
DFEM,MechEngr,492,3,2,2,,1,999,1,MechEngr 492,0,Me492
DFEM,MechEngr,493,3,2,2,,1,999,1,MechEngr 493,0,Me493
DFEM,MechEngr,499,3,0,0,,1,24,1,MechEngr 499,0,Me499
DFEM,MechEngr,405T6,0,1,0,,1,999,1,MechEngr 405T6,0,Me405T6
DFEM,MechEngr,405T7,0,1,0,,1,999,1,MechEngr 405T7,0,Me405T7
DFEM,MechEngr,406T6,0,1,0,,1,999,1,MechEngr 406T6,0,Me406T6
DFEM,SysEngr,310,3,2,2,,6,20,1,SysEngr 310,0,Se310
DFEM,SysEngr,320,3,1,1,,6,24,1,SysEngr 320,0,Se320
DFEM,SysEngr,402,3,1,1,,6,24,1,SysEngr 402,0,Se402
DFEM,SysEngr,405,0,1,0,,1,999,1,SysEngr 405,0,Se405
DFEM,SysEngr,406,0,1,0,,1,999,1,SysEngr 406,0,Se406
DFEM,SysEngr,460,3,2,2,,6,24,1,SysEngr 460,0,Se460
DFEM,SysEngr,491,3,1,1,,1,999,1,SysEngr 491,0,Se491
DFEM,SysEngr,492,3,1,1,,1,999,1,SysEngr 492,0,Se492
DFEM,SysEngr,495,3,1,1,,6,24,1,SysEngr 495,0,Se495
DFEM,SysEngr,499,3,0,0,,1,999,1,SysEngr 499,0,Se499
DFEM,SysEngr,491H,3,1,1,,1,999,1,SysEngr 491H,0,Se491H
DFEM,SysEngr,491S,3,1,1,,1,999,1,SysEngr 491S,0,Se491S
DFEM,SysEngr,491T6,3,1,1,,1,999,1,SysEngr 491T6,0,Se491T6
DFEM,SysEngr,492H,3,1,1,,1,999,1,SysEngr 492H,0,Se492H
DFEM,SysEngr,492S,3,1,1,,1,999,1,SysEngr 492S,0,Se492S
DFEM,SysEngr,492T3,3,1,1,,1,999,1,SysEngr 492T3,0,Se492T3
DFEM,SysEngr,492T6,3,1,1,,1,999,1,SysEngr 492T6,0,Se492T6
DFENG,English,111,3,1,1,C,6,18,1,English 111,0,Egl111
DFENG,English,200,3,1,1,,6,18,1,English 200,0,Egl200
DFENG,English,211,3,1,1,C,6,18,1,English 211,0,Egl211
DFENG,English,241,3,1,1,,6,24,1,English 241,0,Egl241
DFENG,English,340,3,1,1,,6,18,1,English 340,0,Egl340
DFENG,English,342,3,1,1,,6,18,1,English 342,0,Egl342
DFENG,English,343,3,1,1,,6,18,1,English 343,0,Egl343
DFENG,English,344,3,1,1,,6,18,1,English 344,0,Egl344
DFENG,English,353,3,1,1,,6,18,1,English 353,0,Egl353
DFENG,English,360,3,1,1,,6,18,1,English 360,0,Egl360
DFENG,English,366,3,1,1,,6,18,1,English 366,0,Egl366
DFENG,English,375,3,1,1,,6,18,1,English 375,0,Egl375
DFENG,English,380,3,1,1,,6,18,1,English 380,0,Egl380
DFENG,English,383,3,1,1,,6,18,1,English 383,0,Egl383
DFENG,English,385,3,1,1,,6,18,1,English 385,0,Egl385
DFENG,English,390,3,1,1,,6,18,1,English 390,0,Egl390
DFENG,English,411,3,1,1,C,6,19,1,English 411,0,Egl411
DFENG,English,474,3,1,1,,6,18,1,English 474,0,Egl474
DFENG,English,484,3,1,1,,6,19,1,English 484,0,Egl484
DFENG,English,490,3,1,1,,6,25,1,English 490,0,Egl490
DFENG,English,495,3,1,1,,6,18,1,English 495,0,Egl495
DFENG,English,499,3,0,0,,1,18,1,English 499,0,Egl499
DFENG,English,200S,3,1,1,L,6,18,1,English 200S,0,Egl200S
DFENG,English,211FR,3,1,1,C,6,18,1,English 211FR,0,Egl211FR
DFENG,English,211S,3,1,1,L,6,18,1,English 211S,0,Egl211S
DFENG,English,400S,3,1,1,L,6,19,1,English 400S,0,Egl400S
DFENG,FineArt,352,3,1,1,,6,18,1,FineArt 352,0,Art352
DFENG,FineArt,353,3,1,1,,6,18,1,FineArt 353,0,Art353
DFENG,FineArt,358,3,1,1,,6,18,1,FineArt 358,0,Art358
DFENG,FineArt,359,3,1,1,,6,18,1,FineArt 359,0,Art359
DFENG,FineArt,375,3,1,1,,6,18,1,FineArt 375,0,Art375
DFENG,FineArt,464,3,1,1,,6,19,1,FineArt 464,0,Art464
DFENG,FineArt,466,3,1,1,,6,20,1,FineArt 466,0,Art466
DFENG,FineArt,499,3,0,0,,1,18,1,FineArt 499,0,Art499
DFENG,Hum,200,3,1,1,,6,18,1,Hum 200,0,Hum200
DFENG,Hum,400,3,1,1,,6,18,1,Hum 400,0,Hum400
DFENG,Hum,402,2,1,1,,1,18,1,Hum 402,0,Hum402
DFENG,Hum,463,3,1,1,,6,18,1,Hum 463,0,Hum463
DFENG,Hum,495,3,1,1,,6,18,1,Hum 495,0,Hum495
DFENG,Hum,400S,3,1,1,L,6,18,1,Hum 400S,0,Hum400S
DFF,Arabic,131,3,11,1,C,6,20,1,Arabic 131,0,Ar131
DFF,Arabic,132,3,11,1,C,6,20,1,Arabic 132,0,Ar132
DFF,Arabic,221,3,1,1,,6,20,1,Arabic 221,0,Ar221
DFF,Arabic,222,3,1,1,,6,20,1,Arabic 222,0,Ar222
DFF,Arabic,321,3,1,1,,6,20,1,Arabic 321,0,Ar321
DFF,Arabic,322,3,1,1,,6,20,1,Arabic 322,0,Ar322
DFF,Arabic,365,3,1,1,,6,20,1,Arabic 365,0,Ar365
DFF,Arabic,410,3,1,1,,6,24,1,Arabic 410,0,Ar410
DFF,Arabic,420,3,1,1,,6,24,1,Arabic 420,0,Ar420
DFF,Chinese,131,3,11,1,C,6,20,1,Chinese 131,0,Chi131
DFF,Chinese,132,3,11,1,C,6,20,1,Chinese 132,0,Chi132
DFF,Chinese,221,3,1,1,,6,20,1,Chinese 221,0,Chi221
DFF,Chinese,222,3,1,1,,6,20,1,Chinese 222,0,Chi222
DFF,Chinese,321,3,1,1,,6,20,1,Chinese 321,0,Chi321
DFF,Chinese,322,3,1,1,,6,20,1,Chinese 322,0,Chi322
DFF,Chinese,365,3,1,1,,6,20,1,Chinese 365,0,Chi365
DFF,Chinese,410,3,1,1,,6,24,1,Chinese 410,0,Chi410
DFF,Chinese,420,3,1,1,,6,24,1,Chinese 420,0,Chi420
DFF,Chinese,430,3,1,1,,6,24,1,Chinese 430,0,Chi430
DFF,Chinese,431,3,1,1,,6,24,1,Chinese 431,0,Chi431
DFF,Chinese,495,3,1,1,,6,24,1,Chinese 495,0,Chi495
DFF,Chinese,499,3,0,0,,1,24,1,Chinese 499,0,Chi499
DFF,ForArStu,400,3,1,1,,6,24,1,ForArStu 400,0,for a400
DFF,ForArStu,401,3,1,1,,6,24,1,ForArStu 401,0,for a401
DFF,ForArStu,415,3,1,1,,6,24,1,ForArStu 415,0,for a415
DFF,ForArStu,420,3,1,1,,6,24,1,ForArStu 420,0,for a420
DFF,ForArStu,425,3,1,1,,6,24,1,ForArStu 425,0,for a425
DFF,ForLang,131,3,11,1,C,6,20,1,ForLang 131,0,ForLang131
DFF,ForLang,132,3,11,1,C,6,20,1,ForLang 132,0,ForLang132
DFF,French,131,3,11,1,C,6,24,1,French 131,0,Fre131
DFF,French,132,3,11,1,C,6,20,1,French 132,0,Fre132
DFF,French,221,3,1,1,,6,20,1,French 221,0,Fre221
DFF,French,222,3,1,1,,6,20,1,French 222,0,Fre222
DFF,French,321,3,1,1,,6,20,1,French 321,0,Fre321
DFF,French,322,3,1,1,,6,20,1,French 322,0,Fre322
DFF,French,365,3,1,1,,6,20,1,French 365,0,Fre365
DFF,French,410,3,1,1,,6,24,1,French 410,0,Fre410
DFF,French,420,3,1,1,,6,24,1,French 420,0,Fre420
DFF,French,430,3,1,1,,6,24,1,French 430,0,Fre430
DFF,French,499,3,0,0,,1,24,1,French 499,0,Fre499
DFF,German,131,3,11,1,C,6,20,1,German 131,0,Ger131
DFF,German,132,3,11,1,C,6,20,1,German 132,0,Ger132
DFF,German,221,3,1,1,,6,20,1,German 221,0,Ger221
DFF,German,222,3,1,1,,6,20,1,German 222,0,Ger222
DFF,German,321,3,1,1,,6,20,1,German 321,0,Ger321
DFF,German,322,3,1,1,,6,20,1,German 322,0,Ger322
DFF,German,365,3,1,1,,6,20,1,German 365,0,Ger365
DFF,German,410,3,1,1,,6,24,1,German 410,0,Ger410
DFF,German,420,3,1,1,,6,24,1,German 420,0,Ger420
DFF,German,430,3,1,1,,6,24,1,German 430,0,Ger430
DFF,German,492,3,1,1,,6,24,1,German 492,0,Ger492
DFF,German,495,3,1,1,,6,24,1,German 495,0,Ger495
DFF,German,499,3,0,0,,1,24,1,German 499,0,Ger499
DFF,Hum,461,3,1,1,,6,24,1,Hum 461,0,Hum461
DFF,Japanese,131,3,11,1,C,6,20,1,Japanese 131,0,Jpn131
DFF,Japanese,132,3,11,1,C,6,20,1,Japanese 132,0,Jpn132
DFF,Japanese,221,3,1,1,,6,20,1,Japanese 221,0,Jpn221
DFF,Japanese,222,3,1,1,,6,20,1,Japanese 222,0,Jpn222
DFF,Japanese,321,3,1,1,,6,20,1,Japanese 321,0,Jpn321
DFF,Japanese,322,3,1,1,,6,20,1,Japanese 322,0,Jpn322
DFF,Japanese,365,3,1,1,,6,20,1,Japanese 365,0,Jpn365
DFF,Japanese,410,3,1,1,,6,24,1,Japanese 410,0,Jpn410
DFF,Japanese,420,3,1,1,,6,24,1,Japanese 420,0,Jpn420
DFF,Japanese,430,3,1,1,,6,24,1,Japanese 430,0,Jpn430
DFF,Japanese,499,3,0,0,,1,24,1,Japanese 499,0,Jpn499
DFF,Portuguese,131,3,11,1,C,6,20,1,Portuguese 131,0,Po131
DFF,Portuguese,132,3,11,1,C,6,20,1,Portuguese 132,0,Po132
DFF,Portuguese,211,3,1,1,,6,20,1,Portuguese 211,0,Po211
DFF,Portuguese,212,3,1,1,,6,20,1,Portuguese 212,0,Po212
DFF,Portuguese,221,3,1,1,,6,20,1,Portuguese 221,0,Po221
DFF,Portuguese,222,3,1,1,,6,20,1,Portuguese 222,0,Po222
DFF,Portuguese,321,3,1,1,,6,20,1,Portuguese 321,0,Po321
DFF,Portuguese,322,3,1,1,,6,20,1,Portuguese 322,0,Po322
DFF,Portuguese,365,3,1,1,,6,20,1,Portuguese 365,0,Po365
DFF,Portuguese,410,3,1,1,,6,24,1,Portuguese 410,0,Po410
DFF,Portuguese,420,3,1,1,,6,24,1,Portuguese 420,0,Po420
DFF,Portuguese,499,3,0,0,,1,24,1,Portuguese 499,0,Po499
DFF,Russian,131,3,11,1,C,6,20,1,Russian 131,0,Ru131
DFF,Russian,132,3,11,1,C,6,20,1,Russian 132,0,Ru132
DFF,Russian,221,3,1,1,,6,20,1,Russian 221,0,Ru221
DFF,Russian,222,3,1,1,,6,20,1,Russian 222,0,Ru222
DFF,Russian,321,3,1,1,,6,20,1,Russian 321,0,Ru321
DFF,Russian,322,3,1,1,,6,20,1,Russian 322,0,Ru322
DFF,Russian,365,3,1,1,,6,20,1,Russian 365,0,Ru365
DFF,Russian,410,3,1,1,,6,24,1,Russian 410,0,Ru410
DFF,Russian,420,3,1,1,,6,24,1,Russian 420,0,Ru420
DFF,Russian,499,3,0,0,,1,24,1,Russian 499,0,Ru499
DFF,Spanish,131,3,11,1,C,6,20,1,Spanish 131,0,Spa131
DFF,Spanish,132,3,11,1,C,6,20,1,Spanish 132,0,Spa132
DFF,Spanish,221,3,1,1,,6,20,1,Spanish 221,0,Spa221
DFF,Spanish,222,3,1,1,,6,20,1,Spanish 222,0,Spa222
DFF,Spanish,321,3,1,1,,6,20,1,Spanish 321,0,Spa321
DFF,Spanish,322,3,1,1,,6,20,1,Spanish 322,0,Spa322
DFF,Spanish,365,3,1,1,,6,20,1,Spanish 365,0,Spa365
DFF,Spanish,377,3,1,1,,6,20,1,Spanish 377,0,Spa377
DFF,Spanish,410,3,1,1,,6,24,1,Spanish 410,0,Spa410
DFF,Spanish,420,3,1,1,,6,24,1,Spanish 420,0,Spa420
DFF,Spanish,421,3,1,1,,6,24,1,Spanish 421,0,Spa421
DFF,Spanish,430,3,1,1,,6,24,1,Spanish 430,0,Spa430
DFF,Spanish,495,3,1,1,,6,24,1,Spanish 495,0,Spa495
DFF,Spanish,499,3,0,0,,1,24,1,Spanish 499,0,Spa499
DFF,Spanish,321FR,3,1,1,,6,24,1,Spanish 321FR,0,Spa321FR
DFF,Spanish,365FR,3,1,1,,6,24,1,Spanish 365FR,0,Spa365FR
DFH,ForArStu,410,3,1,1,,6,18,1,ForArStu 410,0,for a410
DFH,ForArStu,470,3,1,1,,6,24,1,ForArStu 470,0,for a470
DFH,History,100,3,1,1,C,6,20,1,History 100,0,His100
DFH,History,230,3,1,1,,6,18,1,History 230,0,His230
DFH,History,300,3,1,1,C,6,20,1,History 300,1,His300
DFH,History,320,3,1,1,,6,18,1,History 320,0,His320
DFH,History,325,3,1,1,,6,18,1,History 325,0,His325
DFH,History,332,3,1,1,,6,18,1,History 332,0,His332
DFH,History,335,3,1,1,,6,18,1,History 335,0,His335
DFH,History,336,3,1,1,,6,18,1,History 336,0,His336
DFH,History,338,3,1,1,,6,18,1,History 338,0,His338
DFH,History,339,3,1,1,,6,18,1,History 339,0,His339
DFH,History,340,3,1,1,,6,18,1,History 340,0,His340
DFH,History,341,3,1,1,,6,18,1,History 341,0,His341
DFH,History,342,3,1,1,,6,18,1,History 342,0,His342
DFH,History,343,3,1,1,,6,18,1,History 343,0,His343
DFH,History,344,3,1,1,,6,18,1,History 344,0,His344
DFH,History,345,3,1,1,,6,18,1,History 345,0,His345
DFH,History,346,3,1,1,,6,18,1,History 346,0,His346
DFH,History,347,3,1,1,,6,18,1,History 347,0,His347
DFH,History,351,3,1,1,,6,18,1,History 351,0,His351
DFH,History,352,3,1,1,,6,18,1,History 352,0,His352
DFH,History,363,3,1,1,,6,18,1,History 363,0,His363
DFH,History,367,3,1,1,,6,18,1,History 367,0,His367
DFH,History,368,3,1,1,,6,18,1,History 368,0,His368
DFH,History,369,3,1,1,,6,18,1,History 369,0,His369
DFH,History,370,3,1,1,,6,18,1,History 370,0,His370
DFH,History,371,3,1,1,,6,18,1,History 371,0,His371
DFH,History,372,3,1,1,,6,18,1,History 372,0,His372
DFH,History,373,3,1,1,,6,18,1,History 373,0,His373
DFH,History,374,3,1,1,,6,18,1,History 374,0,His374
DFH,History,375,3,1,1,,6,18,1,History 375,0,His375
DFH,History,376,3,1,1,,6,18,1,History 376,0,His376
DFH,History,381,3,1,1,,6,18,1,History 381,0,His381
DFH,History,382,3,1,1,,6,18,1,History 382,0,His382
DFH,History,383,3,1,1,,6,18,1,History 383,0,His383
DFH,History,384,3,1,1,,6,18,1,History 384,0,His384
DFH,History,385,3,1,1,,6,18,1,History 385,0,His385
DFH,History,394,3,1,1,,6,19,1,History 394,0,His394
DFH,History,457,3,1,1,,6,18,1,History 457,0,His457
DFH,History,480,3,1,1,,6,18,1,History 480,0,His480
DFH,History,483,3,1,1,,6,18,1,History 483,0,His483
DFH,History,495,3,1,1,,6,18,1,History 495,0,His495
DFH,History,498,3,1,1,,6,18,1,History 498,0,His498
DFH,History,499,3,0,0,,1,18,1,History 499,0,His499
DFH,History,100S,3,1,1,L,6,18,1,History 100S,0,His100S
DFH,History,300S,3,1,1,L,6,18,1,History 300S,0,His300S
DFH,Hum,430,3,1,1,,6,24,1,Hum 430,0,Hum430
DFH,Hum,475,3,1,1,,6,24,1,Hum 475,0,Hum475
DFH,SocSci,495S,3,1,1,L,6,24,1,SocSci 495S,0,Ss495S
DFIP,ForLang,440,1,0,0,,1,999,1,ForLang 440,0,ForLang440
DFL,Law,220,3,1,1,C,6,20,1,Law 220,1,Law220
DFL,Law,221,3,1,1,,6,16,1,Law 221,0,Law221
DFL,Law,321,3,1,1,,6,17,1,Law 321,0,Law321
DFL,Law,331,3,1,1,,6,18,1,Law 331,0,Law331
DFL,Law,340,3,1,1,,6,26,1,Law 340,0,Law340
DFL,Law,351,3,1,1,,6,18,1,Law 351,0,Law351
DFL,Law,360,3,1,1,,6,20,1,Law 360,0,Law360
DFL,Law,363,3,1,1,,6,15,1,Law 363,0,Law363
DFL,Law,421,3,1,1,,6,16,1,Law 421,0,Law421
DFL,Law,422,3,1,1,,6,24,1,Law 422,0,Law422
DFL,Law,440,3,1,1,,6,16,1,Law 440,0,Law440
DFL,Law,456,3,1,1,,6,20,1,Law 456,0,Law456
DFL,Law,463,3,1,1,,6,15,1,Law 463,0,Law463
DFL,Law,466,3,1,1,,6,9,1,Law 466,0,Law466
DFL,Law,480,3,1,1,,6,12,1,Law 480,0,Law480
DFL,Law,485W,3,2,1,,6,50,1,Law 485W,0,Law485W
DFL,Law,495,3,1,1,,6,20,1,Law 495,0,Law495
DFL,Law,499,3,0,0,,1,24,1,Law 499,0,Law499
DFL,Law,220S,3,1,1,L,6,14,1,Law 220S,0,Law220S
DFL,SocSci,420,3,1,1,,6,14,1,SocSci 420,0,Ss420
DFL,SocSci,483,3,1,1,,6,20,1,SocSci 483,0,Ss483
DFM,Mgt,303,3,2,1,,6,35,1,Mgt 303,0,Mgt303
DFM,Mgt,337,3,1,1,,6,24,1,Mgt 337,0,Mgt337
DFM,Mgt,341,3,1,1,,6,24,1,Mgt 341,0,Mgt341
DFM,Mgt,342,3,1,1,,6,24,1,Mgt 342,0,Mgt342
DFM,Mgt,345,3,2,1,,6,35,1,Mgt 345,0,Mgt345
DFM,Mgt,361,3,1,1,,6,24,1,Mgt 361,0,Mgt361
DFM,Mgt,372,3,1,1,,6,24,1,Mgt 372,0,Mgt372
DFM,Mgt,375,3,1,1,,6,24,1,Mgt 375,0,Mgt375
DFM,Mgt,382,3,1,1,,6,24,1,Mgt 382,0,Mgt382
DFM,Mgt,391,3,1,1,,6,24,1,Mgt 391,0,Mgt391
DFM,Mgt,400,3,1,1,C,6,20,1,Mgt 400,0,Mgt400
DFM,Mgt,401,3,1,1,,6,24,1,Mgt 401,0,Mgt401
DFM,Mgt,405,0,1,0,,1,999,1,Mgt 405,0,Mgt405
DFM,Mgt,406,0,1,0,,1,999,1,Mgt 406,0,Mgt406
DFPY,Mgt,411,3,1,1,,6,15,1,Mgt 411,0,Mgt411
DFM,Mgt,419,3,1,1,,6,24,1,Mgt 419,0,Mgt419
DFM,Mgt,420,3,"2""",1,,1,35,1,Mgt 420,0,Mgt420
DFM,Mgt,448,3,1,1,,6,20,1,Mgt 448,0,Mgt448
DFM,Mgt,472,3,1,1,,6,35,1,Mgt 472,0,Mgt472
DFM,Mgt,477,3,1,1,,6,24,1,Mgt 477,0,Mgt477
DFM,Mgt,478,3,1,1,,6,24,1,Mgt 478,0,Mgt478
DFM,Mgt,495,3,1,1,,6,24,1,Mgt 495,0,Mgt495
DFM,Mgt,498,3,1,1,,6,24,1,Mgt 498,0,Mgt498
DFM,Mgt,499,3,0,0,,1,999,1,Mgt 499,0,Mgt499
DFM,Mgt,400S,3,1,1,L,6,24,1,Mgt 400S,0,Mgt400S
DFM,OpsRsch,310,3,1,1,C,6,24,1,OpsRsch 310,1,Or310
DFM,OpsRsch,406,0,1,0,,1,999,1,OpsRsch 406,0,Or406
DFM,OpsRsch,421,3,2,1,,1,999,1,OpsRsch 421,0,Or421
DFM,OpsRsch,422,3,2,1,,1,999,1,OpsRsch 422,0,Or422
DFM,OpsRsch,476,3,1,1,,6,24,1,OpsRsch 476,0,Or476
DFM,OpsRsch,495,3,1,1,,6,24,1,OpsRsch 495,0,Or495
DFM,OpsRsch,310H,3,1,1,H,6,24,1,OpsRsch 310H,0,Or310H
DFM,SysEngr,301,3,1,1,,6,24,1,SysEngr 301,0,Se301
DFM,SysEngr,311,3,1,1,,6,24,1,SysEngr 311,0,Se311
DFM,SysEngr,336,3,1,1,,6,24,1,SysEngr 336,0,Se336
DFM,SysEngr,477,3,1,1,,6,24,1,SysEngr 477,0,Se477
DFM,SysEngr,491M,3,1,1,,1,999,1,SysEngr 491M,0,Se491M
DFM,SysEngr,492M,3,1,1,,1,999,1,SysEngr 492M,0,Se492M
DFMI,ForArStu,430,3,1,1,,6,24,1,ForArStu 430,0,for a430
DFMI,ForArStu,435,3,1,1,,6,24,1,ForArStu 435,0,for a435
DFMI,MSS,200,3,1,1,C,6,24,1,MSS 200,0,MSS200
DFMI,MSS,201,3,2,2,,6,24,1,MSS 201,0,MSS201
DFMI,MSS,251,4.5,2,2,C,6,24,1,MSS 251,0,MSS251
DFMI,MSS,298,3,1,1,,6,24,1,MSS 298,0,MSS298
DFMI,MSS,302,3,2,2,,6,24,1,MSS 302,0,MSS302
DFMI,MSS,343,3,1,1,,6,24,1,MSS 343,0,MSS343
DFMI,MSS,353,3,1,1,,6,24,1,MSS 353,0,MSS353
DFMI,MSS,362,3,1,1,,6,24,1,MSS 362,0,MSS362
DFMI,MSS,363,3,1,1,,,999,1,MSS 363,0,MSS363
DFMI,MSS,365,3,1,1,,6,24,1,MSS 365,0,MSS365
DFMI,MSS,367,3,1,1,,6,24,1,MSS 367,0,MSS367
DFMI,MSS,371,3,1,1,,6,24,1,MSS 371,0,MSS371
DFMI,MSS,372,3,1,1,,6,24,1,MSS 372,0,MSS372
DFMI,MSS,377,3,1,1,,6,24,1,MSS 377,0,MSS377
DFMI,MSS,381,3,1,1,,6,24,1,MSS 381,0,MSS381
DFMI,MSS,415,3,1,1,C,6,24,1,MSS 415,0,MSS415
DFMI,MSS,444,3,1,1,,6,24,1,MSS 444,0,MSS444
DFMI,MSS,451,1.5,1x,1,C,12,48,1,MSS 451,0,MSS451
DFMI,MSS,470,3,1,1,,6,24,1,MSS 470,0,MSS470
DFMI,MSS,477,3,1,1,,6,24,1,MSS 477,0,MSS477
DFMI,MSS,480,3,1,1,,6,24,1,MSS 480,0,MSS480
DFMI,MSS,485,3,1,1,,6,24,1,MSS 485,0,MSS485
DFMI,MSS,490,3,1,1,,6,24,1,MSS 490,0,MSS490
DFMI,MSS,491,3,1,1,,6,24,1,MSS 491,0,MSS491
DFMI,MSS,493,3,1,1,,6,24,1,MSS 493,0,MSS493
DFMI,MSS,494,3,1,1,,6,24,1,MSS 494,0,MSS494
DFMI,MSS,495,3,1,1,,6,24,1,MSS 495,0,MSS495
DFMI,MSS,498,3,1,1,,6,24,1,MSS 498,0,MSS498
DFMI,MSS,499,3,0,0,,1,24,1,MSS 499,0,MSS499
DFMI,MSS,200S,3,1,1,L,6,24,1,MSS 200S,0,MSS200S
DFMI,MSS,251FR,4.5,2,2,C,6,24,1,MSS 251FR,0,MSS251FR
DFMI,MSS,251S,3,1,1,L,6,24,1,MSS 251S,0,MSS251S
DFMI,MSS,415S,3,1,1,L,6,24,1,MSS 415S,0,MSS415S
DFMI,MSS,495S,3,1,1,L,6,24,1,MSS 495S,0,MSS495S
DFMI,UAS,200,0,2,2,,6,24,0,UAS 200,0,Uas200
DFMI,UAS,400,3,1,1,,6,24,1,UAS 400,0,Uas400
DFMS,Math,141,3,1,1,C,6,24,1,Math 141,0,Ma141
DFMS,Math,142,3,1,1,C,6,24,1,Math 142,1,Ma142
DFMS,Math,152,3,1,1,C,6,24,1,Math 152,0,Ma152
DFMS,Math,243,3,1,1,,6,24,1,Math 243,0,Ma243
DFMS,Math,245,3,1,1,,6,24,1,Math 245,0,Ma245
DFMS,Math,253,3,1,1,,6,24,1,Math 253,0,Ma253
DFMS,Math,300,3,1,1,C,6,24,1,Math 300,1,Ma300
DFMS,Math,320,3,1,1,,6,24,1,Math 320,0,Ma320
DFMS,Math,340,3,1,1,,6,24,1,Math 340,0,Ma340
DFMS,Math,342,3,2,2,,6,24,1,Math 342,0,Ma342
DFMS,Math,344,3,1,1,,6,24,1,Math 344,0,Ma344
DFMS,Math,346,3,1,1,,6,24,1,Math 346,0,Ma346
DFMS,Math,356,3,1,1,C,6,24,1,Math 356,0,Ma356
DFMS,Math,359,3,1,1,,6,24,1,Math 359,0,Ma359
DFMS,Math,360,3,1,1,,6,24,1,Math 360,0,Ma360
DFMS,Math,366,3,1,1,,6,24,1,Math 366,0,Ma366
DFMS,Math,377,3,1,1,C,6,30,1,Math 377,0,Ma377
DFMS,Math,378,3,1,1,,6,30,1,Math 378,0,Ma378
DFMS,Math,420,1,1,1,,1,999,1,Math 420,0,Ma420
DFMS,Math,421,2,1,1,,1,999,1,Math 421,0,Ma421
DFMS,Math,443,3,1,1,,6,24,1,Math 443,0,Ma443
DFMS,Math,451,3,1,1,,6,24,1,Math 451,0,Ma451
DFMS,Math,465,3,1,1,,6,24,1,Math 465,0,Ma465
DFMS,Math,468,3,1,1,,6,24,1,Math 468,0,Ma468
DFMS,Math,469,3,1,1,,6,24,1,Math 469,0,Ma469
DFMS,Math,470,3,1,1,,6,24,1,Math 470,0,Ma470
DFMS,Math,472,3,1,1,,6,24,1,Math 472,0,Ma472
DFMS,Math,474,3,1,1,,6,24,1,Math 474,0,Ma474
DFMS,Math,491,3,1,1,,6,24,1,Math 491,0,Ma491
DFMS,Math,499,3,0,0,,1,24,1,Math 499,0,Ma499
DFMS,Math,300S,3,1,1,L,6,24,1,Math 300S,0,Ma300S
DFMS,OpsRsch,311,3,1,1,,6,24,1,OpsRsch 311,0,Or311
DFMS,OpsRsch,312,3,1,1,,6,24,1,OpsRsch 312,0,Or312
DFMS,OpsRsch,405,0,1,0,,1,999,1,OpsRsch 405,0,Or405
DFMS,OpsRsch,499,3,0,0,,1,24,1,OpsRsch 499,0,Or499
DFP,Meteor,320,3,1,1,,6,24,1,Meteor 320,0,Met320
DFP,Meteor,330,3,1,1,,6,24,1,Meteor 330,0,Met330
DFP,Meteor,331,3,1,1,,6,24,1,Meteor 331,0,Met331
DFP,Meteor,430,3,1,1,,6,24,1,Meteor 430,0,Met430
DFP,Meteor,431,3,1,1,,6,24,1,Meteor 431,0,Met431
DFP,Meteor,432,1.5,1x,1,,6,24,1,Meteor 432,0,Met432
DFP,Meteor,470,3,1,1,,6,24,1,Meteor 470,0,Met470
DFP,Meteor,499,3,0,0,,1,24,1,Meteor 499,0,Met499
DFP,Physics,110,4,2,2,C,6,25,1,Physics 110,1,Ph110
DFP,Physics,215,4,2,2,C,6,25,1,Physics 215,0,Ph215
DFP,Physics,264,3,1,1,,6,24,1,Physics 264,0,Ph264
DFP,Physics,310,3,1,1,,6,24,1,Physics 310,0,Ph310
DFP,Physics,315,3,1,1,,6,24,1,Physics 315,0,Ph315
DFP,Physics,341,4,2,2,,6,6,1,Physics 341,0,Ph341
DFP,Physics,354,3,1,1,,6,24,1,Physics 354,0,Ph354
DFP,Physics,355,3,1,1,,6,24,1,Physics 355,0,Ph355
DFP,Physics,356,3,1,1,,6,24,1,Physics 356,0,Ph356
DFP,Physics,361,3,1,1,,6,24,1,Physics 361,0,Ph361
DFP,Physics,362,3,1,1,,6,24,1,Physics 362,0,Ph362
DFP,Physics,370,3,1,1,,6,24,1,Physics 370,0,Ph370
DFP,Physics,371,3,1,1,,6,24,1,Physics 371,0,Ph371
DFP,Physics,375,3,1,1,,6,24,1,Physics 375,0,Ph375
DFP,Physics,391,3,1,1,,6,24,1,Physics 391,0,Ph391
DFP,Physics,393,3,1,1,,6,24,1,Physics 393,0,Ph393
DFP,Physics,405,0,1,0,,1,999,1,Physics 405,0,Ph405
DFP,Physics,421,3,1,1,,6,24,1,Physics 421,0,Ph421
DFP,Physics,450,3,1,1,,6,24,1,Physics 450,0,Ph450
DFP,Physics,451,3,1,1,,6,24,1,Physics 451,0,Ph451
DFP,Physics,465,3,1,1,,6,24,1,Physics 465,0,Ph465
DFP,Physics,468,3,1,1,,6,24,1,Physics 468,0,Ph468
DFP,Physics,486,3,1,1,,6,24,1,Physics 486,0,Ph486
DFP,Physics,490,4,2,2,,6,24,1,Physics 490,0,Ph490
DFP,Physics,499,3,0,0,,1,24,1,Physics 499,0,Ph499
DFP,Physics,110H,4,2,2,H,6,25,1,Physics 110H,0,Ph110H
DFP,Physics,110S,4,2,2,L,6,18,1,Physics 110S,0,Ph110S
DFP,Physics,215H,4,2,2,H,6,25,1,Physics 215H,0,Ph215H
DFP,Physics,215S,4,2,2,L,6,18,1,Physics 215S,0,Ph215S
DFPS,ForArStu,440,3,1,1,,6,24,1,ForArStu 440,0,for a440
DFPS,ForArStu,445,3,1,1,,6,24,1,ForArStu 445,0,for a445
DFPS,PolSci,211,3,1,1,C,6,22,1,PolSci 211,1,Ps211
DFPS,PolSci,300,3,1,1,,6,18,1,PolSci 300,0,Ps300
DFPS,PolSci,301,3,1,1,,6,18,1,PolSci 301,0,Ps301
DFPS,PolSci,302,3,1,1,,6,18,1,PolSci 302,0,Ps302
DFPS,PolSci,390,3,1,1,,6,24,1,PolSci 390,0,Ps390
DFPS,PolSci,392,3,1,1,,6,24,1,PolSci 392,0,Ps392
DFPS,PolSci,394,3,1,1,,6,24,1,PolSci 394,0,Ps394
DFPS,PolSci,421,3,1,1,,6,24,1,PolSci 421,0,Ps421
DFPS,PolSci,423,3,1,1,,6,24,1,PolSci 423,0,Ps423
DFPS,PolSci,444,3,1,1,,6,24,1,PolSci 444,0,Ps444
DFPS,PolSci,445,3,1,1,,6,24,1,PolSci 445,0,Ps445
DFPS,PolSci,451,3,1,1,,6,24,1,PolSci 451,0,Ps451
DFPS,PolSci,460,3,1,1,,6,24,1,PolSci 460,0,Ps460
DFPS,PolSci,462,3,1,1,,6,24,1,PolSci 462,0,Ps462
DFPS,PolSci,463,3,1,1,,6,24,1,PolSci 463,0,Ps463
DFPS,PolSci,464,3,1,1,,6,24,1,PolSci 464,0,Ps464
DFPS,PolSci,465,3,1,1,,6,24,1,PolSci 465,0,Ps465
DFPS,PolSci,466,3,1,1,,6,24,1,PolSci 466,0,Ps466
DFPS,PolSci,469,3,1,1,,6,24,1,PolSci 469,0,Ps469
DFPS,PolSci,471,3,1,1,,6,24,1,PolSci 471,0,Ps471
DFPS,PolSci,473,3,1,1,,6,24,1,PolSci 473,0,Ps473
DFPS,PolSci,475,3,1,1,,6,24,1,PolSci 475,0,Ps475
DFPS,PolSci,477,3,1,1,,6,24,1,PolSci 477,0,Ps477
DFPS,PolSci,479,3,1,1,,6,24,1,PolSci 479,0,Ps479
DFPS,PolSci,481,3,1,1,,6,24,1,PolSci 481,0,Ps481
DFPS,PolSci,482,3,1,1,,6,24,1,PolSci 482,0,Ps482
DFPS,PolSci,483,3,1,1,,6,24,1,PolSci 483,0,Ps483
DFPS,PolSci,484,3,1,1,,6,24,1,PolSci 484,0,Ps484
DFPS,PolSci,491,3,2,2,,6,18,1,PolSci 491,0,Ps491
DFPS,PolSci,495,3,1,1,,6,24,1,PolSci 495,0,Ps495
DFPS,PolSci,496,3,1,1,,6,24,1,PolSci 496,0,Ps496
DFPS,PolSci,498,3,1,1,,6,24,1,PolSci 498,0,Ps498
DFPS,PolSci,499,3,0,0,,1,24,1,PolSci 499,0,Ps499
DFPS,PolSci,211FR,3,1,1,C,6,22,1,PolSci 211FR,0,Ps211FR
DFPS,PolSci,211S,3,1,1,L,6,16,1,PolSci 211S,0,Ps211S
DFPS,SocSci,212,3,1,1,C,6,24,1,SocSci 212,0,Ss212
DFPS,SocSci,311,3,1,1,,6,20,1,SocSci 311,0,Ss311
DFPS,SocSci,412,3,1,1,C,6,20,1,SocSci 412,1,Ss412
DFPS,SocSci,467,3,1,1,,6,24,1,SocSci 467,0,Ss467
DFPS,SocSci,412S,3,1,1,L,6,20,1,SocSci 412S,0,Ss412S
DFPY,Hum,499,3,0,0,,1,24,1,Hum 499,0,Hum499
DFPY,Philos,200,3,1,1,,6,15,1,Philos 200,0,Py200
DFPY,Philos,310,3,1,1,C,6,15,1,Philos 310,1,Py310
DFPY,Philos,311,3,1,1,,6,15,1,Philos 311,0,Py311
DFPY,Philos,320,3,1,1,,6,15,1,Philos 320,0,Py320
DFPY,Philos,330,3,1,1,,6,15,1,Philos 330,0,Py330
DFPY,Philos,345,3,1,1,,6,17,1,Philos 345,0,Py345
DFPY,Philos,370,3,1,1,,6,15,1,Philos 370,0,Py370
DFPY,Philos,382,3,1,1,,6,15,1,Philos 382,0,Py382
DFPY,Philos,391,3,1,1,,6,16,1,Philos 391,0,Py391
DFPY,Philos,392,3,1,1,,6,15,1,Philos 392,0,Py392
DFPY,Philos,393,3,1,1,,6,15,1,Philos 393,0,Py393
DFPY,Philos,394,3,1,1,,6,15,1,Philos 394,0,Py394
DFPY,Philos,395,3,1,1,,6,15,1,Philos 395,0,Py395
DFPY,Philos,401,3,1,1,,6,15,1,Philos 401,0,Py401
DFPY,Philos,402,3,1,1,,6,15,1,Philos 402,0,Py402
DFPY,Philos,410,3,1,1,,6,15,1,Philos 410,0,Py410
DFPY,Philos,423,3,1,1,,6,15,1,Philos 423,0,Py423
DFPY,Philos,430,3,1,1,,6,15,1,Philos 430,0,Py430
DFPY,Philos,495,3,1,1,,6,15,1,Philos 495,0,Py495
DFPY,Philos,499,3,0,0,,1,15,1,Philos 499,0,Py499
DFPY,Philos,310S,3,1,1,L,6,12,1,Philos 310S,0,Py310S
DFPY,Philos,495B,3,1,1,,6,15,1,Philos 495B,0,Py495B
DFR,Aviation,200,0,1xx,0,,1,10,0,Aviation 200,0,Av200
DFR,Aviation,300,0,1xx,0,,1,10,0,Aviation 300,0,Av300
DFR,Aviation,402,0,1xx,0,,1,10,0,Aviation 402,0,Av402
DFR,Aviation,200H,0,1xx,0,,1,10,0,Aviation 200H,0,Av200H
DFR,CE,100,0,0,0,,,9999,1,CE 100,0,Lead100
DFR,CE,200,0,0,0,,,9999,1,CE 200,0,Lead200
DFR,CE,300,0,0,0,,,9999,1,CE 300,0,Lead300
DFR,CE,400,0,0,0,,,9999,1,CE 400,0,Lead400
DFR,EAP,109,3,1,1,,1,15,1,EAP 109,0,Eap109
DFR,EAP,109Y,3,1,1,,1,15,1,EAP 109Y,0,Eap109Y
DFR,ExtProg,700,0,1,0,,1,999,0,ExtProg 700,0,Ext700
DFR,ExtProg,708,0,1,0,,1,999,0,ExtProg 708,0,Ext708
DFR,ExtProg,710,0,1,0,,1,999,0,ExtProg 710,0,Ext710
DFR,ExtProg,100A,0,0,0,,,9999,0,ExtProg 100A,0,Ext100A
DFR,ExtProg,100B,0,0,0,,,9999,0,ExtProg 100B,0,Ext100B
DFR,Leadership,100,0,0,0,,,9999,0,Leadership 100,0,Lead100
DFR,Leadership,200,0,0,0,,,9999,0,Leadership 200,0,Lead200
DFR,Leadership,300,0,0,0,,,9999,0,Leadership 300,0,Lead300
DFR,Leadership,400,0,0,0,,,9999,0,Leadership 400,0,Lead400
DFR,LearnStrat,101,0,1,1,,1,15,1,LearnStrat 101,0,Lrn101
DFR,LearnStrat,102,0,1x,1,,1,30,1,LearnStrat 102,0,Lrn102
DFR,LearnStrat,101Y,0,1,1,,1,15,1,LearnStrat 101Y,0,Lrn101Y
DFR,ReadStrat,103,0,1x,1,,1,30,1,ReadStrat 103,0,Rs103
DFR,ReadStrat,104,0,1x,1,,1,15,1,ReadStrat 104,0,Rs104
DFR,ReadStrat,201,0,1x,1,,1,999,1,ReadStrat 201,0,Rs201
DFPS,SocSci,495,3,1,1,,6,24,1,SocSci 495,0,Ss495
DFBL,BehSci,497T3,3,1,1,,1,999,1,BehSci 497T3,0,Bs497T3
AD,PhyEd,921,0,0,0,,,9999,0,PhyEd 921,0,Pe921
306FTG,ArmnShp,461F,0,3,2,,,100,0,ArmnShp 461F,0,Amn461F
306FTG,ArmnShp,461W,0,3,2,,,100,0,ArmnShp 461W,0,Amn461W
306FTG,ArmnShp,461S,0,3,2,,,100,0,ArmnShp 461S,0,Amn461S
306FTG,ArmnShp,465F,0,3,2,,,100,0,ArmnShp 465F,0,Amn465F
306FTG,ArmnShp,465W,0,3,2,,,100,0,ArmnShp 465W,0,Amn465W
306FTG,ArmnShp,465S,0,3,2,,,100,0,ArmnShp 465S,0,Amn465S
306FTG,ArmnShp,474F,0,3,2,,,100,0,ArmnShp 474F,0,Amn474F
306FTG,ArmnShp,474W,0,3,2,,,100,0,ArmnShp 474W,0,Amn474W
306FTG,ArmnShp,474S,0,3,2,,,100,0,ArmnShp 474S,0,Amn474S
306FTG,ArmnShp,475F,0,3,2,,,100,0,ArmnShp 475F,0,Amn475F
306FTG,ArmnShp,475W,0,3,2,,,100,0,ArmnShp 475W,0,Amn475W
306FTG,ArmnShp,475S,0,3,2,,,100,0,ArmnShp 475S,0,Amn475S
306FTG,ArmnShp,491F,0,3,2,,,100,0,ArmnShp 491F,0,Amn491F
306FTG,ArmnShp,491W,0,3,2,,,100,0,ArmnShp 491W,0,Amn491W
306FTG,ArmnShp,491S,0,3,2,,,100,0,ArmnShp 491S,0,Amn491S
306FTG,ArmnShp,496F,0,3,2,,,100,0,ArmnShp 496F,0,Amn496F
306FTG,ArmnShp,496W,0,3,2,,,100,0,ArmnShp 496W,0,Amn496W
306FTG,ArmnShp,496S,0,3,2,,,100,0,ArmnShp 496S,0,Amn496S
306FTG,ArmnShp,471F,0,3,0,2,,999,0,ArmnShp 471F,0,Amn471F
306FTG,ArmnShp,471W,0,3,0,2,,999,0,ArmnShp 471W,0,Amn471W
306FTG,ArmnShp,471S,0,3,0,2,,999,0,ArmnShp 471S,0,Amn471S
306FTG,ArmnShp,473F,0,3,2,2,,999,0,ArmnShp 473F,0,Amn473F
306FTG,ArmnShp,473W,0,3,2,2,,999,0,ArmnShp 473W,0,Amn473W
306FTG,ArmnShp,473S,0,3,2,2,,999,0,ArmnShp 473S,0,Amn473S
DFR,Exchange,100F,0,2,2,,,999,0,Exchange 100F,0,
DFR,Exchange,200F,0,2,2,,,999,0,Exchange 200F,0,
DFR,Exchange,300F,0,2,2,,,999,0,Exchange 300F,0,
DFR,Exchange,400F,0,2,2,,,999,0,Exchange 400F,0,
DFR,Exchange,100S,0,2,2,,,999,0,Exchange 100S,0,
DFR,Exchange,200S,0,2,2,,,999,0,Exchange 200S,0,
DFR,Exchange,300S,0,2,2,,,999,0,Exchange 300S,0,
DFR,Exchange,400S,0,2,2,,,999,0,Exchange 400S,0,
DFL,Law,485S,3,2,1,,6,50,1,Law 485S,0,Law485S
DFIP,Spanish,440,1,0,0,,1,999,1,Spanish 440,0,Spa440
DFIP,Chinese,440,1,0,0,,1,999,1,Chinese 440,0,Chi440
DFIP,Japanese,440,1,0,0,,1,999,1,Japanese 440,0,Jpn440
DFIP,Russian,440,1,0,0,,1,999,1,Russian 440,0,Ru440
DFIP,French,440,1,0,0,,1,999,1,French 440,0,Fre440
DFIP,Portuguese,440,1,0,0,,1,999,1,Portuguese 440,0,Po440
DFIP,Arabic,440,1,0,0,,1,999,1,Arabic 440,0,Ar440
DFIP,German,440,1,0,0,,1,999,1,German 440,0,Ger440
