Dept,Course Lookup,Semester,Period,Sections
DFAN,AeroEngr 315,Fall,M1,2
DFAN,AeroEngr 341,Fall,M1,1
DFAN,AeroEngr 210,Fall,M2,1
DFAN,AeroEngr 315,Fall,M2,3
DFAN,AeroEngr 341,Fall,M2,1
DFAN,AeroEngr 466,Fall,M2,1
DFAN,AeroEngr 315,Fall,M3,1
DFAN,AeroEngr 457,Fall,M3,1
DFAN,AeroEngr 315,Fall,M4,3
DFAN,AeroEngr 315,Fall,T1,2
DFAN,AeroEngr 456,Fall,T1,1
DFAN,AeroEngr 471,Fall,T1,1
DFAN,AeroEngr 315,Fall,T2,2
DFAN,AeroEngr 442,Fall,T2,1
DFAN,AeroEngr 210,Fall,T3,1
DFAN,AeroEngr 315,Fall,T3,3
DFAN,AeroEngr 442,Fall,T3,1
DFAN,AeroEngr 456,Fall,T3,1
DFAN,AeroEngr 471,Fall,T3,1
DFAN,AeroEngr 210,Fall,T4,1
DFAN,AeroEngr 315,Fall,T4,3
DFAN,AeroEngr 315,Winter,M1,2
DFAN,AeroEngr 342,Winter,M1,1
DFAN,AeroEngr 351,Winter,M1,1
DFAN,AeroEngr 471,Winter,M1,1
DFAN,AeroEngr 481,Winter,M1,1
DFAN,SysEngr 491A,Winter,M1,1
DFAN,AeroEngr 315,Winter,M2,2
DFAN,AeroEngr 351,Winter,M2,1
DFAN,AeroEngr 446,Winter,M2,1
DFAN,AeroEngr 210,Winter,M3,1
DFAN,AeroEngr 315,Winter,M3,3
DFAN,AeroEngr 481,Winter,M3,1
DFAN,SysEngr 491A,Winter,M3,1
DFAN,AeroEngr 315,Winter,M4,3
DFAN,AeroEngr 315,Winter,T1,2
DFAN,AeroEngr 342,Winter,T1,1
DFAN,AeroEngr 351,Winter,T1,1
DFAN,AeroEngr 471,Winter,T1,1
DFAN,AeroEngr 481,Winter,T1,2
DFAN,AeroEngr 495,Winter,T1,1
DFAN,SysEngr 491A,Winter,T1,2
DFAN,AeroEngr 315,Winter,T2,2
DFAN,AeroEngr 351,Winter,T2,1
DFAN,AeroEngr 495,Winter,T2,1
DFAN,AeroEngr 210,Winter,T3,1
DFAN,AeroEngr 315,Winter,T3,3
DFAN,AeroEngr 436,Winter,T3,1
DFAN,AeroEngr 481,Winter,T3,1
DFAN,SysEngr 491A,Winter,T3,1
DFAN,AeroEngr 315,Winter,T4,1
DFAN,AeroEngr 241,Spring,M1,1
DFAN,AeroEngr 315,Spring,M1,2
DFAN,AeroEngr 471,Spring,M1,1
DFAN,AeroEngr 482,Spring,M1,1
DFAN,AeroEngr 483,Spring,M1,1
DFAN,SysEngr 492A,Spring,M1,2
DFAN,AeroEngr 241,Spring,M2,1
DFAN,AeroEngr 315,Spring,M2,2
DFAN,AeroEngr 352,Spring,M2,1
DFAN,AeroEngr 361,Spring,M2,1
DFAN,AeroEngr 241,Spring,M3,1
DFAN,AeroEngr 315,Spring,M3,1
DFAN,AeroEngr 352,Spring,M3,1
DFAN,AeroEngr 315,Spring,M4,3
DFAN,AeroEngr 361,Spring,M4,1
DFAN,AeroEngr 241,Spring,T1,1
DFAN,AeroEngr 315,Spring,T1,2
DFAN,AeroEngr 456,Spring,T1,1
DFAN,AeroEngr 471,Spring,T1,1
DFAN,AeroEngr 482,Spring,T1,1
DFAN,AeroEngr 495,Spring,T1,1
DFAN,SysEngr 492A,Spring,T1,1
DFAN,AeroEngr 241,Spring,T2,1
DFAN,AeroEngr 315,Spring,T2,2
DFAN,AeroEngr 361,Spring,T2,1
DFAN,AeroEngr 495,Spring,T2,1
DFAN,AeroEngr 241,Spring,T3,1
DFAN,AeroEngr 315,Spring,T3,1
DFAN,AeroEngr 482,Spring,T3,1
DFAN,SysEngr 492A,Spring,T3,1
DFAN,AeroEngr 315,Spring,T4,1
DFAN,AeroEngr 352,Spring,T4,1
DFAS,AstroEngr 310,Fall,M1,2
DFAS,AstroEngr 351,Fall,M1,1
DFAS,AstroEngr 436,Fall,M1,1
DFAS,Space 252,Fall,M1,1
DFAS,Space 350,Fall,M1,1
DFAS,Space 473,Fall,M1,1
DFAS,AstroEngr 310,Fall,M2,2
DFAS,AstroEngr 321,Fall,M2,1
DFAS,Engr 341,Fall,M2,1
DFAS,AstroEngr 310,Fall,M3,2
DFAS,AstroEngr 331,Fall,M3,1
DFAS,AstroEngr 445,Fall,M3,1
DFAS,AstroEngr 495,Fall,M3,1
DFAS,AstroEngr 310,Fall,M4,1
DFAS,AstroEngr 310,Fall,T1,2
DFAS,Engr 341,Fall,T1,1
DFAS,AstroEngr 201,Fall,T2,1
DFAS,AstroEngr 310,Fall,T2,2
DFAS,AstroEngr 310SO,Fall,T2,1
DFAS,AstroEngr 310,Fall,T3,2
DFAS,AstroEngr 331,Fall,T3,1
DFAS,Engr 443,Fall,T3,1
DFAS,Space 251,Fall,T3,1
DFAS,Space 472,Fall,T3,1
DFAS,SysEngr 491B,Fall,T3,1
DFAS,AstroEngr 310,Fall,T4,2
DFAS,AstroEngr 310,Winter,M1,2
DFAS,AstroEngr 437,Winter,M1,1
DFAS,Space 251,Winter,M1,1
DFAS,Space 252,Winter,M1,1
DFAS,Space 472,Winter,M1,1
DFAS,AstroEngr 310,Winter,M2,2
DFAS,AstroEngr 351,Winter,M2,1
DFAS,AstroEngr 310,Winter,M3,2
DFAS,Engr 341,Winter,M3,1
DFAS,Space 350,Winter,M3,1
DFAS,AstroEngr 310,Winter,M4,1
DFAS,AstroEngr 321,Winter,M4,1
DFAS,AstroEngr 310,Winter,T1,2
DFAS,Engr 342,Winter,T1,1
DFAS,AstroEngr 310,Winter,T2,2
DFAS,AstroEngr 310SO,Winter,T2,1
DFAS,AstroEngr 201,Winter,T3,1
DFAS,AstroEngr 310,Winter,T3,2
DFAS,AstroEngr 331,Winter,T3,1
DFAS,AstroEngr 422,Winter,T3,1
DFAS,AstroEngr 445,Winter,T3,1
DFAS,Space 473,Winter,T3,1
DFAS,AstroEngr 310,Winter,T4,1
DFAS,AstroEngr 310,Spring,M1,2
DFAS,AstroEngr 335,Spring,M1,1
DFAS,AstroEngr 437,Spring,M1,1
DFAS,Engr 342,Spring,M1,1
DFAS,AstroEngr 310,Spring,M2,2
DFAS,AstroEngr 321,Spring,M2,1
DFAS,AstroEngr 495,Spring,M2,1
DFAS,AstroEngr 310,Spring,M3,2
DFAS,AstroEngr 495,Spring,M3,1
DFAS,Space 472,Spring,M3,1
DFAS,AstroEngr 310,Spring,M4,1
DFAS,AstroEngr 201,Spring,T1,1
DFAS,AstroEngr 310,Spring,T1,2
DFAS,AstroEngr 331,Spring,T1,1
DFAS,AstroEngr 351,Spring,T1,1
DFAS,Space 251,Spring,T1,1
DFAS,AstroEngr 310,Spring,T2,2
DFAS,AstroEngr 310SO,Spring,T2,1
DFAS,AstroEngr 310,Spring,T3,2
DFAS,Engr 342,Spring,T3,1
DFAS,AstroEngr 310,Spring,T4,1
DFB,Biology 215,Fall,M1,4
DFB,Biology 345,Fall,M1,1
DFB,Biology 365,Fall,M1,1
DFB,Biology 459,Fall,M1,1
DFB,Biology 330,Fall,M1,2
DFB,Biology 331,Fall,M1,1
DFB,Biology 345,Fall,M2,1
DFB,Biology 363,Fall,M1,1
DFB,Biology 459,Fall,M2,1
DFB,Biology 480,Fall,M2,1
DFB,Biology 215,Fall,M3,2
DFB,Biology 330,Fall,M3,1
DFB,Biology 331,Fall,M3,1
DFB,Biology 364,Fall,M3,1
DFB,Biology 480,Fall,M3,1
DFB,Biology 215,Fall,T1,4
DFB,Biology 363,Fall,T1,1
DFB,Biology 430,Fall,T1,1
DFB,Biology 481,Fall,T1,1
DFB,Biology 332,Fall,T2,1
DFB,Biology 363,Fall,T3,1
DFB,Biology 370,Fall,T2,1
DFB,Biology 215,Fall,T3,4
DFB,Biology 332,Fall,T3,1
DFB,Biology 370,Fall,T3,1
DFB,Biology 380,Fall,T3,1
DFB,Biology 430,Fall,T3,1
DFB,Biology 481,Fall,T3,1
DFB,Biology 370,Fall,T4,1
DFB,Biology 215,Winter,M1,4
DFB,Biology 360,Winter,M1,1
DFB,Biology 431,Winter,M1,1
DFB,Biology 360,Winter,M2,1
DFB,Biology 363,Winter,M1,1
DFB,Biology 410,Winter,M1,1
DFB,Biology 431,Winter,M3,1
DFB,Biology 480,Winter,M2,1
DFB,Biology 215,Winter,M3,2
DFB,Biology 363,Winter,M3,1
DFB,Biology 410,Winter,M3,1
DFB,Biology 480,Winter,M3,1
DFB,Biology 215,Winter,T1,4
DFB,Biology 363,Winter,T1,1
DFB,Biology 365,Winter,T2,1
DFB,Biology 410,Winter,T1,1
DFB,Biology 495,Winter,T2,1
DFB,Biology 215,Winter,T3,3
DFB,Biology 410,Winter,T3,1
DFB,Biology 215,Spring,M1,4
DFB,Biology 332,Spring,M1,1
DFB,Biology 320,Spring,M2,1
DFB,Biology 331,Spring,M1,1
DFB,Biology 332,Spring,M2,1
DFB,Biology 360,Spring,M2,1
DFB,Biology 440,Spring,M1,1
DFB,Biology 459,Spring,M2,1
DFB,Biology 215,Spring,M3,2
DFB,Biology 320,Spring,M3,1
DFB,Biology 331,Spring,M3,1
DFB,Biology 360,Spring,M3,1
DFB,Biology 440,Spring,M3,1
DFB,Biology 459,Spring,M3,1
DFB,Biology 215,Spring,T1,4
DFB,Biology 440,Spring,T1,1
DFB,Biology 459,Spring,T1,1
DFB,Biology 330,Spring,T1,2
DFB,Biology 365,Spring,T2,1
DFB,Biology 380,Spring,T2,1
DFB,Biology 440,Spring,T3,1
DFB,Biology 459,Spring,T2,1
DFB,Biology 215,Spring,T3,4
DFB,Biology 330,Spring,T3,1
DFB,Biology 380,Spring,T3,1
DFB,Biology 480,Spring,T3,1
DFB,Biology 495,Spring,T3,1
DFBL,BehSci 110,Fall,M1,2
DFBL,BehSci 360,Fall,M1,1
DFBL,BehSci 110,Fall,M2,2
DFBL,BehSci 231,Fall,M2,2
DFBL,BehSci 360,Fall,M2,1
DFBL,BehSci 375,Fall,M2,1
DFBL,BehSci 110,Fall,M3,3
DFBL,BehSci 231,Fall,M3,2
DFBL,BehSci 375,Fall,M3,1
DFBL,BehSci 110,Fall,M4,2
DFBL,BehSci 375,Fall,M4,1
DFBL,BehSci 110,Fall,T1,2
DFBL,BehSci 373,Fall,T1,1
DFBL,BehSci 380,Fall,T1,1
DFBL,BehSci 110,Fall,T2,2
DFBL,BehSci 373,Fall,T2,1
DFBL,BehSci 380,Fall,T2,1
DFBL,BehSci 497,Fall,T2,1
DFBL,BehSci 497T3,Fall,T2,1
DFBL,BehSci 110,Fall,T3,2
DFBL,BehSci 360,Fall,T3,1
DFBL,BehSci 380,Fall,T3,1
DFBL,SysEngr 491BL,Fall,T3,1
DFBL,BehSci 110,Fall,T4,2
DFBL,BehSci 360,Fall,T4,1
DFBL,BehSci 110,Winter,M1,2
DFBL,BehSci 364,Winter,M1,1
DFBL,BehSci 373,Winter,M1,1
DFBL,BehSci 110,Winter,M2,2
DFBL,BehSci 355,Winter,M2,1
DFBL,BehSci 360,Winter,M2,1
DFBL,BehSci 364,Winter,M2,1
DFBL,BehSci 410,Winter,M2,1
DFBL,SysEngr 470,Winter,M2,1
DFBL,BehSci 110,Winter,M3,2
DFBL,BehSci 332,Winter,M3,2
DFBL,BehSci 355,Winter,M3,1
DFBL,BehSci 360,Winter,M3,1
DFBL,SysEngr 470,Winter,M3,1
DFBL,BehSci 110,Winter,M4,2
DFBL,BehSci 332,Winter,M4,1
DFBL,BehSci 355,Winter,M4,1
DFBL,BehSci 358,Winter,M4,1
DFBL,BehSci 110,Winter,T1,2
DFBL,BehSci 352,Winter,T1,1
DFBL,BehSci 358,Winter,T1,1
DFBL,BehSci 373,Winter,T1,1
DFBL,BehSci 440,Winter,T1,1
DFBL,BehSci 110,Winter,T2,3
DFBL,BehSci 310,Winter,T2,1
DFBL,BehSci 352,Winter,T2,1
DFBL,BehSci 358,Winter,T2,1
DFBL,BehSci 373,Winter,T2,1
DFBL,BehSci 440,Winter,T2,1
DFBL,BehSci 471,Winter,M2,1
DFBL,BehSci 110,Winter,T3,2
DFBL,BehSci 352,Winter,T3,1
DFBL,BehSci 358,Winter,T3,1
DFBL,BehSci 440,Winter,T3,1
DFBL,BehSci 471,Winter,M3,1
DFBL,BehSci 110,Winter,T4,2
DFBL,BehSci 364,Winter,T4,1
DFBL,BehSci 110,Spring,M1,2
DFBL,BehSci 390,Spring,M1,1
DFBL,BehSci 110,Spring,M2,2
DFBL,BehSci 330,Spring,M2,1
DFBL,BehSci 390,Spring,M2,1
DFBL,BehSci 110,Spring,M3,2
DFBL,BehSci 330,Spring,M3,1
DFBL,BehSci 335,Spring,M3,1
DFBL,BehSci 495,Spring,M3,1
DFBL,BehSci 110,Spring,M4,2
DFBL,BehSci 330,Spring,M4,1
DFBL,BehSci 498,Spring,M2,1
DFBL,BehSci 110,Spring,T1,2
DFBL,BehSci 473,Spring,T1,1
DFBL,BehSci 110,Spring,T2,2
DFBL,BehSci 335,Spring,T1,1
DFBL,BehSci 377,Spring,T2,1
DFBL,BehSci 473,Spring,T2,1
DFBL,BehSci 110,Spring,T3,2
DFBL,BehSci 335,Spring,T3,1
DFBL,BehSci 377,Spring,T3,1
DFBL,BehSci 110,Spring,T4,2
DFBL,BehSci 473,Spring,T4,1
DFC,Chem 100,Fall,M1,5
DFC,Chem 200,Fall,M1,3
DFC,Chem 344,Fall,M1,1
DFC,Chem 230,Fall,M2,1
DFC,Chem 100,Fall,M3,5
DFC,Chem 200,Fall,M3,2
DFC,Chem 481,Fall,M3,1
DFC,Chem 100,Fall,T1,4
DFC,Chem 200,Fall,T1,3
DFC,Chem 222,Fall,T1,1
DFC,Chem 233,Fall,T1,1
DFC,Chem 233,Fall,T2,1
DFC,Chem 431,Fall,T2,1
DFC,Chem 100,Fall,T3,3
DFC,Chem 200,Fall,T3,2
DFC,Chem 344,Fall,T3,1
DFC,Chem 434,Fall,T1,1
DFC,Chem 100,Winter,M1,4
DFC,Chem 200,Winter,M1,3
DFC,Chem 222,Winter,M1,1
DFC,Chem 444,Winter,M1,1
DFC,Chem 234,Winter,M2,1
DFC,Chem 100,Winter,M3,4
DFC,Chem 200,Winter,M3,3
DFC,Chem 222,Winter,M3,1
DFC,Chem 325,Winter,M1,1
DFC,Chem 100,Winter,T1,4
DFC,Chem 200,Winter,T1,3
DFC,Chem 243,Winter,T1,1
DFC,Chem 482,Winter,T1,1
DFC,Chem 233,Winter,T2,1
DFC,Chem 335,Winter,T2,1
DFC,Chem 100,Winter,T3,3
DFC,Chem 200,Winter,T3,3
DFC,Chem 243,Winter,T3,1
DFC,Chem 100,Spring,M1,3
DFC,Chem 200,Spring,M1,3
DFC,Chem 222,Spring,M1,1
DFC,Chem 445,Spring,M1,1
DFC,Chem 230,Spring,M2,1
DFC,Chem 234,Spring,M2,1
DFC,Chem 100,Spring,M3,3
DFC,Chem 200,Spring,M3,3
DFC,Chem 222,Spring,M3,1
DFC,Chem 243,Winter,M3,1
DFC,Chem 491,Spring,M3,1
DFC,Chem 336,Spring,M2,1
DFC,Chem 100,Spring,T1,3
DFC,Chem 200,Spring,T1,3
DFC,Chem 243,Spring,T1,1
DFC,Chem 350,Spring,T1,1
DFC,Chem 465,Spring,T1,1
DFC,Chem 100,Spring,T3,3
DFC,Chem 200,Spring,T3,3
DFC,Chem 243,Spring,T3,1
DFC,Chem 445,Spring,T3,1
DFCE,CivEngr 390,Fall,M1,1
DFCE,CivEngr 464,Fall,M1,1
DFCE,CivEngr 474,Fall,M1,1
DFCE,CivEngr 215,Fall,M2,1
DFCE,CivEngr 372,Fall,M2,1
DFCE,CivEngr 463,Fall,M2,1
DFCE,CivEngr 361,Fall,M3,1
DFCE,CivEngr 485,Fall,M3,1
DFCE,CivEngr 330,Fall,T1,1
DFCE,CivEngr 361,Fall,T1,1
DFCE,CivEngr 486,Fall,T1,1
DFCE,CivEngr 491,Fall,T1,1
DFCE,CivEngr 356,Fall,T2,1
DFCE,CivEngr 390,Fall,T3,1
DFCE,CivEngr 474,Fall,T2,1
DFCE,CivEngr 485,Fall,T2,1
DFCE,CivEngr 362,Fall,T3,1
DFCE,CivEngr 361,Winter,M1,1
DFCE,CivEngr 372,Winter,M1,1
DFCE,CivEngr 492,Winter,M1,1
DFCE,CivEngr 215,Winter,M2,1
DFCE,CivEngr 372,Winter,M2,1
DFCE,CivEngr 464,Winter,M1,1
DFCE,CivEngr 488,Winter,M2,1
DFCE,CivEngr 473,Winter,M3,1
DFCE,CivEngr 461,Winter,T1,1
DFCE,CivEngr 486,Winter,T1,1
DFCE,CivEngr 461,Winter,T2,1
DFCE,CivEngr 488,Winter,T3,1
DFCE,CivEngr 488,Winter,T4,1
DFCE,CivEngr 373,Spring,M1,1
DFCE,CivEngr 373,Spring,M2,1
DFCE,CivEngr 480,Spring,M2,1
DFCE,CivEngr 480,Spring,M3,1
DFCE,CivEngr 495,Spring,M3,1
DFCE,CivEngr 362,Spring,M4,1
DFCE,CivEngr 330,Spring,T1,1
DFCE,CivEngr 330,Spring,T2,1
DFCE,CivEngr 356,Spring,T2,1
DFCE,CivEngr 390,Spring,T1,1
DFCE,Engr 402,Spring,T2,1
DFCE,CivEngr 330,Spring,T3,1
DFCE,CivEngr 362,Spring,T3,1
DFCE,CivEngr 405,Spring,T3,1
DFCE,CivEngr 480,Spring,T3,1
DFCE,Engr 402,Spring,T4,1
DFCS,CompSci 110,Fall,M1,2
DFCS,CompSci 210,Fall,M1,1
DFCS,CompSci 438,Fall,M1,1
DFCS,CompSci 453,Fall,M1,1
DFCS,SysEngr 491C,Fall,M1,1
DFCS,CompSci 110,Fall,M2,2
DFCS,CompSci 426,Fall,M3,1
DFCS,OpsRsch 417,Fall,M2,1
DFCS,CompSci 110,Fall,M3,2
DFCS,CompSci 210,Fall,M3,1
DFCS,CompSci 330,Fall,M3,1
DFCS,CompSci 426,Fall,M4,1
DFCS,CompSci 110,Fall,M4,2
DFCS,CompSci 330,Fall,M4,1
DFCS,CompSci 110,Fall,T1,2
DFCS,CompSci 210,Fall,T1,1
DFCS,CompSci 211,Fall,T1,1
DFCS,CompSci 110,Fall,T2,2
DFCS,CompSci 431,Fall,T2,1
DFCS,CompSci 110,Fall,T3,2
DFCS,CompSci 210,Fall,T3,1
DFCS,CompSci 211,Fall,T3,1
DFCS,CompSci 431,Fall,T3,1
DFCS,CompSci 471,Fall,T3,1
DFCS,CompSci 110,Fall,T4,2
DFCS,CompSci 110,Winter,M1,2
DFCS,CompSci 210,Winter,M1,1
DFCS,CompSci 220,Winter,M1,1
DFCS,CompSci 439,Winter,M1,1
DFCS,CompSci 454,Winter,M1,1
DFCS,CompSci 110,Winter,M2,2
DFCS,CompSci 206,Winter,M2,1
DFCS,CompSci 220,Winter,M2,1
DFCS,CompSci 362,Winter,M2,1
DFCS,CompSci 110,Winter,M3,2
DFCS,CompSci 206,Winter,M3,1
DFCS,CompSci 362,Winter,M3,1
DFCS,CompSci 110,Winter,M4,2
DFCS,CompSci 110,Winter,T1,2
DFCS,CompSci 220,Winter,T1,1
DFCS,CompSci 350,Winter,T1,1
DFCS,CompSci 467,Winter,T1,1
DFCS,Cyber 350,Winter,T1,1
DFCS,CompSci 110,Winter,T2,2
DFCS,CompSci 220,Winter,T2,1
DFCS,CompSci 350,Winter,T2,1
DFCS,CompSci 467,Winter,T2,1
DFCS,CompSci 495,Winter,T2,1
DFCS,CompSci 110,Winter,T3,2
DFCS,CompSci 467,Winter,T3,1
DFCS,CompSci 110,Winter,T4,2
DFCS,CompSci 110,Spring,M1,2
DFCS,CompSci 212,Spring,M1,1
DFCS,CompSci 220,Spring,M1,1
DFCS,CompSci 351,Spring,M1,1
DFCS,CompSci 380,Spring,M1,1
DFCS,CompSci 110,Spring,M2,2
DFCS,CompSci 220,Spring,M2,1
DFCS,CompSci 351,Spring,M2,1
DFCS,CompSci 380,Spring,M2,1
DFCS,CompSci 385,Spring,M2,1
DFCS,CompSci 495,Spring,M2,1
DFCS,CompSci 110,Spring,M3,2
DFCS,CompSci 212,Spring,M3,1
DFCS,CompSci 483,Spring,M3,1
DFCS,CompSci 495,Spring,M3,1
DFCS,CompSci 110,Spring,M4,2
DFCS,CompSci 110,Spring,T1,2
DFCS,CompSci 211,Spring,T1,1
DFCS,CompSci 364,Spring,T1,1
DFCS,CompSci 483,Spring,T1,1
DFCS,CompSci 110,Spring,T2,2
DFCS,CompSci 364,Spring,T2,1
DFCS,CompSci 483,Spring,T2,1
DFCS,CompSci 110,Spring,T3,2
DFCS,CompSci 211,Spring,T3,1
DFCS,CompSci 110,Spring,T4,2
DFEC,ECE 315,Fall,M1,2
DFEC,ECE 463,Fall,M1,1
DFEC,ECE 210,Fall,M2,1
DFEC,ECE 315,Fall,M2,1
DFEC,ECE 210,Fall,M3,1
DFEC,ECE 315,Fall,M3,1
DFEC,ECE 447,Fall,M3,1
DFEC,ECE 315,Fall,M4,2
DFEC,ECE 315,Fall,T1,2
DFEC,ECE 315,Fall,T2,1
DFEC,ECE 332,Fall,T2,1
DFEC,ECE 495,Fall,T2,1
DFEC,ECE 311,Fall,T3,1
DFEC,ECE 315,Fall,T3,2
DFEC,ECE 321,Fall,T3,1
DFEC,SysEngr 491E,Fall,T3,1
DFEC,ECE 315,Fall,T4,2
DFEC,ECE 315,Winter,M1,2
DFEC,ECE 210,Winter,M2,1
DFEC,ECE 281,Winter,M2,1
DFEC,ECE 311,Winter,M2,1
DFEC,ECE 315,Winter,M2,1
DFEC,ECE 448,Winter,M2,1
DFEC,ECE 210,Winter,M3,1
DFEC,ECE 281,Winter,M3,1
DFEC,ECE 311,Winter,M3,1
DFEC,ECE 315,Winter,M3,2
DFEC,ECE 332,Winter,M3,1
DFEC,ECE 382,Winter,M3,1
DFEC,ECE 315,Winter,M4,1
DFEC,ECE 315,Winter,T1,1
DFEC,ECE 315,Winter,T2,1
DFEC,ECE 423,Winter,T2,1
DFEC,ECE 315,Winter,T3,2
DFEC,ECE 464,Winter,T3,1
DFEC,ECE 315,Winter,T4,2
DFEC,ECE 315,Spring,M1,2
DFEC,ECE 322,Spring,M1,1
DFEC,ECE 315,Spring,M2,2
DFEC,ECE 348,Spring,M1,1
DFEC,ECE 434,Spring,M2,1
DFEC,ECE 315,Spring,M3,2
DFEC,ECE 332,Spring,M3,1
DFEC,ECE 333,Spring,M3,1
DFEC,ECE 315,Spring,M4,1
DFEC,ECE 315,Spring,T1,1
DFEC,ECE 383,Spring,T1,1
DFEC,ECE 315,Spring,T2,2
DFEC,ECE 343,Spring,T2,1
DFEC,ECE 315,Spring,T3,1
DFEC,ECE 485,Spring,T3,1
DFEC,ECE 315,Spring,T4,1
DFEG,Econ 201,Fall,M1,4
DFEG,Econ 333,Fall,M1,1
DFEG,Geo 310,Fall,M1,1
DFEG,Econ 333,Fall,M2,1
DFEG,Econ 473,Fall,M2,1
DFEG,Geo 310,Fall,M2,1
DFEG,Geo 370,Fall,M2,1
DFEG,Geo 410,Fall,M2,1
DFEG,Econ 201,Fall,M3,3
DFEG,Geo 370,Fall,M3,1
DFEG,Geo 410,Fall,M3,1
DFEG,Meteor 325,Fall,M3,1
DFEG,Econ 450,Fall,M4,1
DFEG,Geo 310,Fall,M4,1
DFEG,Econ 201,Fall,T1,5
DFEG,Econ 333,Fall,T1,1
DFEG,Geo 310,Fall,T1,1
DFEG,Econ 355,Fall,T2,1
DFEG,Econ 411,Fall,T2,1
DFEG,Econ 450,Fall,T2,1
DFEG,Geo 310,Fall,T2,1
DFEG,Geo 351,Fall,T2,1
DFEG,Meteor 451,Fall,T2,1
DFEG,OpsRsch 331,Fall,T2,1
DFEG,Econ 201,Fall,T3,5
DFEG,Econ 411,Fall,T3,1
DFEG,Econ 450,Fall,T3,1
DFEG,OpsRsch 331,Fall,T3,1
DFEG,OpsRsch 331,Fall,T4,1
DFEG,Econ 201,Winter,M1,4
DFEG,Geo 250,Winter,M1,1
DFEG,Econ 332,Winter,M2,1
DFEG,Econ 374,Winter,M2,1
DFEG,Econ 440,Winter,M2,1
DFEG,Econ 454,Winter,M2,1
DFEG,Econ 465,Winter,M2,1
DFEG,Geo 250,Winter,M2,1
DFEG,Geo 310,Winter,M2,1
DFEG,Geo 495,Winter,M2,1
DFEG,Meteor 440,Winter,M2,1
DFEG,Econ 201,Winter,M3,4
DFEG,Econ 374,Winter,M3,1
DFEG,Econ 476,Winter,M3,1
DFEG,Geo 310,Winter,M3,1
DFEG,Geo 495,Winter,M3,1
DFEG,Econ 332,Winter,M4,1
DFEG,Geo 310,Winter,M4,1
DFEG,Econ 201,Winter,T1,4
DFEG,Econ 440,Winter,T1,1
DFEG,Geo 250,Winter,T1,1
DFEG,Geo 310,Winter,T1,1
DFEG,Econ 355,Winter,T2,1
DFEG,Econ 377,Winter,T2,1
DFEG,Econ 422,Winter,T2,1
DFEG,Econ 440,Winter,T2,1
DFEG,Geo 250,Winter,T2,1
DFEG,Geo 382,Winter,T2,1
DFEG,Meteor 352,Winter,T2,1
DFEG,Econ 201,Winter,T3,4
DFEG,Econ 332,Winter,T3,1
DFEG,Econ 351,Winter,T3,1
DFEG,Econ 377,Winter,T3,1
DFEG,Econ 440,Winter,T3,1
DFEG,Econ 475,Winter,T3,1
DFEG,Geo 250,Winter,T3,1
DFEG,Geo 310,Winter,T3,1
DFEG,Geo 382,Winter,T3,1
DFEG,Meteor 352,Winter,T3,1
DFEG,Geo 250,Winter,T4,1
DFEG,Econ 201,Spring,M1,4
DFEG,Econ 365,Spring,M1,1
DFEG,Econ 465,Spring,M1,1
DFEG,Geo 482,Spring,M1,1
DFEG,Econ 356,Spring,M2,1
DFEG,Econ 365,Spring,M2,1
DFEG,Econ 423,Spring,M2,1
DFEG,Econ 480,Spring,M2,1
DFEG,Geo 340,Spring,M4,1
DFEG,Econ 201,Spring,M3,3
DFEG,Econ 423,Spring,M3,1
DFEG,Econ 465,Spring,M3,1
DFEG,Econ 480,Spring,M3,1
DFEG,Geo 340,Spring,M3,1
DFEG,Geo 498,Spring,M3,1
DFEG,Meteor 370,Spring,M3,1
DFEG,Econ 201,Spring,T1,4
DFEG,Geo 482,Spring,T1,1
DFEG,Meteor 490,Spring,T1,1
DFEG,Econ 355,Spring,T2,1
DFEG,Econ 356,Spring,T2,1
DFEG,Econ 365,Spring,T2,1
DFEG,Econ 465,Spring,T2,1
DFEG,Econ 480,Spring,T2,1
DFEG,Geo 353,Spring,T2,1
DFEG,Econ 201,Spring,T3,3
DFEG,Econ 356,Spring,T3,1
DFEG,Econ 365,Spring,T3,1
DFEG,Econ 465,Spring,T3,1
DFEG,Geo 353,Spring,T1,1
DFEG,Geo 498,Spring,T3,1
DFEG,Meteor 452,Spring,T3,1
DFEG,Econ 365,Spring,T4,1
DFEM,EngrMech 220,Fall,M1,2
DFEM,EngrMech 440,Fall,M1,1
DFEM,SysEngr 310,Fall,M1,1
DFEM,EngrMech 220,Fall,M2,2
DFEM,MechEngr 405,Fall,M2,1
DFEM,MechEngr 406,Fall,M2,1
DFEM,MechEngr 491,Fall,M1,1
DFEM,SysEngr 405,Fall,M2,1
DFEM,SysEngr 491H,Fall,M2,1
DFEM,EngrMech 220,Fall,M3,2
DFEM,EngrMech 305,Fall,M1,1
DFEM,MechEngr 312,Fall,M3,1
DFEM,EngrMech 220,Fall,M4,2
DFEM,EngrMech 305,Fall,M2,1
DFEM,EngrMech 460,Fall,M3,1
DFEM,EngrMech 220,Fall,T1,2
DFEM,EngrMech 440,Fall,T1,1
DFEM,SysEngr 310,Fall,T1,1
DFEM,EngrMech 220,Fall,T2,2
DFEM,EngrMech 460,Fall,T1,1
DFEM,MechEngr 405,Fall,T2,1
DFEM,EngrMech 220,Fall,T3,2
DFEM,MechEngr 312,Fall,T3,1
DFEM,MechEngr 490,Fall,T3,1
DFEM,EngrMech 220,Fall,T4,2
DFEM,EngrMech 330,Winter,M1,1
DFEM,SysEngr 310,Winter,M1,1
DFEM,EngrMech 220,Winter,M2,2
DFEM,MechEngr 396,Winter,T3,1
DFEM,MechEngr 405,Winter,M2,1
DFEM,MechEngr 406,Winter,M2,1
DFEM,MechEngr 492,Winter,M1,1
DFEM,SysEngr 402,Winter,M2,1
DFEM,EngrMech 220,Winter,M3,2
DFEM,EngrMech 305,Winter,M3,1
DFEM,EngrMech 320,Winter,M3,2
DFEM,EngrMech 330,Winter,M3,1
DFEM,MechEngr 341,Winter,M3,1
DFEM,EngrMech 220,Winter,M4,1
DFEM,EngrMech 305,Winter,M4,1
DFEM,EngrMech 320,Winter,M4,1
DFEM,EngrMech 350,Winter,T1,1
DFEM,MechEngr 341,Winter,T1,1
DFEM,EngrMech 220,Winter,T2,2
DFEM,EngrMech 350,Winter,T2,1
DFEM,MechEngr 325,Winter,T2,1
DFEM,SysEngr 406,Winter,T2,1
DFEM,EngrMech 220,Winter,T3,2
DFEM,EngrMech 330,Winter,T3,1
DFEM,EngrMech 332,Winter,T3,1
DFEM,MechEngr 325,Winter,T3,1
DFEM,SysEngr 492,Winter,T3,1
DFEM,EngrMech 330,Winter,T4,1
DFEM,MechEngr 468,Winter,T2,1
DFEM,EngrMech 220,Spring,M1,2
DFEM,EngrMech 320,Spring,M1,1
DFEM,SysEngr 310,Spring,M1,1
DFEM,EngrMech 220,Spring,M2,2
DFEM,MechEngr 405,Spring,M2,1
DFEM,MechEngr 406,Spring,M2,1
DFEM,MechEngr 493,Spring,M1,1
DFEM,EngrMech 220,Spring,M3,2
DFEM,EngrMech 320,Spring,M3,2
DFEM,EngrMech 340,Spring,M3,1
DFEM,EngrMech 450,Spring,M3,1
DFEM,MechEngr 370,Spring,M3,1
DFEM,EngrMech 220,Spring,M4,2
DFEM,MechEngr 370,Spring,M4,1
DFEM,EngrMech 220,Spring,T1,2
DFEM,EngrMech 350,Spring,T1,1
DFEM,SysEngr 320,Spring,T1,1
DFEM,EngrMech 220,Spring,T2,2
DFEM,EngrMech 330,Spring,T2,1
DFEM,EngrMech 350,Spring,T2,1
DFEM,SysEngr 320,Spring,T2,1
DFEM,EngrMech 220,Spring,T3,2
DFEM,EngrMech 330,Spring,T3,1
DFEM,EngrMech 350,Spring,T3,1
DFEM,SysEngr 495,Spring,T3,1
DFEM,EngrMech 220,Spring,T4,2
DFENG,English 111,Fall,M1,2
DFENG,English 211,Fall,M1,2
DFENG,English 211FR,Fall,M1,1
DFENG,English 411,Fall,M1,1
DFENG,English 111,Fall,M2,3
DFENG,English 211,Fall,M2,3
DFENG,English 211FR,Fall,M2,1
DFENG,English 411,Fall,M2,1
DFENG,English 111,Fall,M3,3
DFENG,English 211,Fall,M3,3
DFENG,English 211FR,Fall,M3,1
DFENG,English 366,Fall,M3,1
DFENG,English 411,Fall,M3,1
DFENG,English 111,Fall,M4,2
DFENG,English 211,Fall,M4,2
DFENG,English 111,Fall,T1,2
DFENG,English 211,Fall,T1,2
DFENG,English 111,Fall,T2,3
DFENG,English 211,Fall,T2,3
DFENG,English 342,Fall,T2,1
DFENG,English 411,Fall,T2,1
DFENG,FineArt 353,Fall,T2,1
DFENG,FineArt 375,Fall,T2,1
DFENG,English 111,Fall,T3,2
DFENG,English 211,Fall,T3,2
DFENG,English 343,Fall,T3,1
DFENG,English 353,Fall,M3,1
DFENG,English 400S,Fall,T3,1
DFENG,English 411,Fall,T3,1
DFENG,English 484,Fall,T3,1
DFENG,FineArt 359,Fall,T3,1
DFENG,FineArt 375,Fall,T3,1
DFENG,Hum 402,Fall,T3,1
DFENG,English 111,Fall,T4,3
DFENG,English 211,Fall,T4,2
DFENG,English 111,Winter,M1,2
DFENG,English 211,Winter,M1,2
DFENG,English 111,Winter,M2,3
DFENG,English 200,Winter,M2,1
DFENG,English 211,Winter,M2,4
DFENG,English 380,Winter,M2,1
DFENG,English 495,Winter,M2,1
DFENG,FineArt 466,Winter,M2,1
DFENG,Hum 495,Winter,M2,1
DFENG,English 111,Winter,M3,2
DFENG,English 200,Winter,M3,1
DFENG,English 211,Winter,M3,4
DFENG,English 353,Winter,M3,1
DFENG,English 375,Winter,M3,1
DFENG,FineArt 464,Winter,M3,1
DFENG,English 111,Winter,M4,2
DFENG,English 211,Winter,M4,2
DFENG,English 111,Winter,T1,2
DFENG,English 211,Winter,T1,2
DFENG,English 111,Winter,T2,3
DFENG,English 211,Winter,T2,3
DFENG,English 344,Winter,T2,1
DFENG,English 360,Winter,T2,1
DFENG,English 111,Winter,T3,3
DFENG,English 211,Winter,T3,2
DFENG,English 111,Winter,T4,2
DFENG,English 211,Winter,T4,2
DFENG,English 111,Spring,M1,2
DFENG,English 211,Spring,M1,2
DFENG,English 411,Spring,M1,1
DFENG,English 111,Spring,M2,3
DFENG,English 211,Spring,M2,3
DFENG,English 241,Spring,M2,1
DFENG,English 411,Spring,M2,1
DFENG,English 490,Spring,M1,1
DFENG,English 495,Spring,M2,1
DFENG,English 111,Spring,M3,3
DFENG,English 211,Spring,M3,2
DFENG,English 411,Spring,M3,1
DFENG,English 111,Spring,M4,2
DFENG,English 211,Spring,M4,3
DFENG,English 111,Spring,T1,2
DFENG,English 211,Spring,T1,2
DFENG,English 411,Spring,T1,1
DFENG,English 111,Spring,T2,3
DFENG,English 211,Spring,T2,2
DFENG,English 375,Spring,T2,1
DFENG,English 411,Spring,T2,1
DFENG,FineArt 375,Spring,T2,1
DFENG,English 111,Spring,T3,2
DFENG,English 211,Spring,T3,2
DFENG,English 390,Spring,T3,1
DFENG,English 411,Spring,T3,1
DFENG,English 474,Spring,T3,1
DFENG,FineArt 375,Spring,T3,1
DFENG,English 111,Spring,T4,2
DFENG,English 211,Spring,T4,2
DFENG,English 411,Spring,T4,1
DFL,Law 220,Fall,M1,3
DFL,Law 221,Fall,M1,1
DFL,Law 421,Fall,M1,1
DFL,Law 463,Fall,M1,1
DFL,Law 495,Fall,M1,1
DFL,SocSci 483,Fall,M1,1
DFL,Law 220,Fall,M2,3
DFL,Law 321,Fall,M2,1
DFL,Law 360,Fall,M2,1
DFL,Law 421,Fall,M2,1
DFL,Law 440,Fall,M2,1
DFL,SocSci 483,Fall,M2,1
DFL,Law 220,Fall,M3,4
DFL,Law 440,Fall,M3,1
DFL,Law 220,Fall,M4,3
DFL,Law 220,Fall,T1,3
DFL,Law 456,Fall,T1,1
DFL,Law 220,Fall,T2,3
DFL,Law 421,Fall,T2,1
DFL,Law 480,Fall,T2,1
DFL,Law 220,Fall,T3,2
DFL,Law 220,Fall,T4,2
DFL,Law 220,Winter,M1,2
DFL,Law 331,Winter,M1,1
DFL,SocSci 420,Winter,M1,1
DFL,Law 220,Winter,M2,3
DFL,Law 331,Winter,M2,1
DFL,Law 485W,Winter,M2,1
DFL,SocSci 420,Winter,M2,1
DFL,Law 220,Winter,M3,2
DFL,SocSci 483,Winter,M3,1
DFL,Law 220,Winter,M4,2
DFL,SocSci 483,Winter,M4,1
DFL,Law 220,Winter,T1,3
DFL,Law 221,Winter,T1,1
DFL,Law 363,Winter,T1,1
DFL,Law 466,Winter,T1,1
DFL,SocSci 483,Winter,T1,1
DFL,Law 220,Winter,T2,3
DFL,Law 321,Winter,T2,1
DFL,Law 340,Winter,T2,1
DFL,Law 363,Winter,T2,1
DFL,SocSci 483,Winter,T2,1
DFL,Law 220,Winter,T3,3
DFL,Law 340,Winter,T3,1
DFL,Law 220,Winter,T4,2
DFL,Law 220,Spring,M1,3
DFL,Law 220,Spring,M2,3
DFL,Law 221,Spring,M2,1
DFL,Law 485S,Spring,M2,1
DFL,Law 220,Spring,M3,3
DFL,SocSci 483,Spring,M3,1
DFL,Law 220,Spring,M4,3
DFL,Law 220,Spring,T1,3
DFL,Law 351,Spring,T1,1
DFL,SocSci 483,Spring,T1,1
DFL,Law 220,Spring,T2,3
DFL,Law 351,Spring,T2,1
DFL,SocSci 483,Spring,T2,1
DFL,Law 220,Spring,T3,3
DFL,Law 220,Spring,T4,3
DFP,Physics 110,Fall,M1,3
DFP,Physics 215,Fall,M1,4
DFP,Physics 310,Fall,M1,1
DFP,Physics 341,Fall,M1,1
DFP,Meteor 320,Fall,M2,1
DFP,Physics 450,Fall,M2,1
DFP,Physics 110,Fall,M3,4
DFP,Physics 215,Fall,M3,3
DFP,Physics 110,Fall,T1,4
DFP,Physics 215,Fall,T1,3
DFP,Meteor 331,Fall,T2,1
DFP,Physics 361,Fall,T2,1
DFP,Physics 421,Fall,T2,1
DFP,Physics 110,Fall,T3,4
DFP,Physics 215,Fall,T3,3
DFP,Physics 110,Winter,M1,4
DFP,Physics 215,Winter,M1,3
DFP,Physics 362,Winter,M1,1
DFP,Meteor 320,Winter,M2,1
DFP,Physics 264,Winter,M2,1
DFP,Physics 405,Winter,M2,1
DFP,Physics 110,Winter,M3,5
DFP,Physics 215,Winter,M3,3
DFP,Physics 370,Winter,M4,1
DFP,Physics 110,Winter,T1,4
DFP,Physics 215,Winter,T1,3
DFP,Physics 370,Winter,T1,1
DFP,Meteor 430,Winter,T2,1
DFP,Physics 354,Winter,T2,1
DFP,Physics 465,Winter,T2,1
DFP,Physics 490,Winter,T1,1
DFP,Physics 110,Winter,T3,5
DFP,Physics 215,Winter,T3,2
DFP,Physics 465,Winter,T3,1
DFP,Meteor 320,Spring,M1,1
DFP,Physics 110,Spring,M1,5
DFP,Physics 215,Spring,M1,2
DFP,Physics 341,Spring,M1,1
DFP,Meteor 431,Spring,M2,1
DFP,Physics 355,Spring,M2,1
DFP,Physics 405,Spring,M2,1
DFP,Physics 490,Spring,M2,1
DFP,Meteor 320,Spring,M3,1
DFP,Physics 110,Spring,M3,5
DFP,Physics 215,Spring,M3,2
DFP,Physics 341,Spring,M3,1
DFP,Physics 468,Spring,M2,1
DFP,Meteor 330,Spring,T1,1
DFP,Physics 110,Spring,T1,6
DFP,Physics 215,Spring,T1,1
DFP,Meteor 470,Spring,T2,1
DFP,Physics 356,Spring,T2,1
DFP,Physics 451,Spring,T2,1
DFP,Physics 110,Spring,T3,5
DFP,Physics 215,Spring,T3,1
DFP,Physics 356,Spring,T3,1
DFP,Physics 490,Spring,T3,1
DFPY,Philos 310,Fall,M1,3
DFPY,Philos 310,Fall,M2,3
DFPY,Philos 330,Fall,M2,1
DFPY,Philos 200,Fall,M3,1
DFPY,Philos 310,Fall,M3,3
DFPY,Philos 495,Fall,M3,1
DFPY,Philos 310,Fall,M4,2
DFPY,Mgt 411,Fall,M4,1
DFPY,Philos 310,Fall,T1,3
DFPY,Philos 310,Fall,T2,2
DFPY,Philos 391,Fall,T2,1
DFPY,Philos 401,Fall,T2,1
DFPY,Philos 310,Fall,T3,4
DFPY,Philos 401,Fall,T3,1
DFPY,Philos 310,Fall,T4,3
DFPY,Philos 310,Winter,M1,3
DFPY,Philos 200,Winter,M2,1
DFPY,Philos 310,Winter,M2,3
DFPY,Philos 495,Winter,M2,1
DFPY,Philos 310,Winter,M3,3
DFPY,Philos 311,Winter,M3,1
DFPY,Philos 345,Winter,M3,1
DFPY,Philos 310,Winter,M4,2
DFPY,Philos 310,Winter,T1,3
DFPY,Philos 310,Winter,T2,4
DFPY,Philos 310,Winter,T3,3
DFPY,Philos 401,Winter,T3,1
DFPY,Philos 310,Winter,T4,2
DFPY,Philos 310,Spring,M1,3
DFPY,Philos 310,Spring,M2,2
DFPY,Philos 311,Spring,M2,1
DFPY,Philos 402,Spring,M2,1
DFPY,Hum 495,Spring,M2,1
DFPY,Philos 310,Spring,M3,3
DFPY,Philos 392,Spring,M3,1
DFPY,Philos 395,Spring,M3,1
DFPY,Philos 310,Spring,M4,2
DFPY,Philos 310,Spring,T1,2
DFPY,Philos 310,Spring,T2,2
DFPY,Philos 392,Spring,T2,1
DFPY,Philos 402,Spring,T2,1
DFPY,Philos 410,Spring,T2,1
DFPY,Philos 310,Spring,T3,3
DFPY,Philos 370,Spring,T3,1
DFPY,Philos 423,Spring,T3,1
DFPY,Philos 310,Spring,T4,3
DFR,Aviation 300,Fall,M1,1
DFR,LearnStrat 101,Fall,M1,2
DFR,LearnStrat 102,Fall,M1,1
DFR,ReadStrat 103,Fall,M1,1
DFR,EAP 109,Fall,M2,1
DFR,LearnStrat 101,Fall,M2,2
DFR,ReadStrat 103,Fall,M2,2
DFR,Aviation 200,Fall,M3,2
DFR,EAP 109,Fall,M3,1
DFR,LearnStrat 101,Fall,M3,2
DFR,ReadStrat 103,Fall,M3,2
DFR,ReadStrat 104,Fall,M3,1
DFR,Aviation 200,Fall,M4,2
DFR,LearnStrat 101,Fall,M4,1
DFR,LearnStrat 101Y,Fall,M1,1
DFR,ReadStrat 103,Fall,M4,1
DFR,Aviation 300,Fall,T1,1
DFR,LearnStrat 101,Fall,T1,2
DFR,LearnStrat 102,Fall,T1,1
DFR,LearnStrat 101,Fall,T2,2
DFR,LearnStrat 102,Fall,T2,1
DFR,ReadStrat 103,Fall,T2,2
DFR,Aviation 200,Fall,T3,2
DFR,LearnStrat 101,Fall,T3,1
DFR,ReadStrat 103,Fall,T3,2
DFR,Aviation 200,Fall,T4,2
DFR,LearnStrat 101,Fall,T4,1
DFR,ReadStrat 103,Fall,T4,1
DFR,Aviation 402,Winter,M1,1
DFR,LearnStrat 102,Winter,M1,1
DFR,ReadStrat 103,Winter,M1,1
DFR,Aviation 402,Winter,M2,1
DFR,LearnStrat 102,Winter,M2,1
DFR,ReadStrat 103,Winter,M2,1
DFR,Aviation 200,Winter,M3,2
DFR,LearnStrat 102,Winter,M3,1
DFR,ReadStrat 103,Winter,M3,1
DFR,Aviation 200,Winter,M4,2
DFR,ReadStrat 103,Winter,M4,1
DFR,Aviation 402,Winter,T1,1
DFR,LearnStrat 102,Winter,T1,1
DFR,ReadStrat 103,Winter,T1,1
DFR,Aviation 402,Winter,T2,1
DFR,LearnStrat 102,Winter,T2,1
DFR,ReadStrat 103,Winter,T2,1
DFR,Aviation 200,Winter,T3,2
DFR,Aviation 200,Winter,T4,2
DFR,ReadStrat 103,Spring,M1,1
DFR,LearnStrat 102,Spring,M2,1
DFR,ReadStrat 103,Spring,M2,1
DFR,Aviation 200,Spring,M3,2
DFR,LearnStrat 102,Spring,M3,1
DFR,ReadStrat 103,Spring,M3,1
DFR,Aviation 200,Spring,M4,2
DFR,ReadStrat 103,Spring,M4,1
DFR,LearnStrat 102,Spring,T1,1
DFR,ReadStrat 103,Spring,T1,1
DFR,LearnStrat 102,Spring,T2,1
DFR,ReadStrat 103,Spring,T2,1
DFR,Aviation 200,Spring,T3,2
DFR,Aviation 200,Spring,T4,2
DFMI,MSS 201,Fall,M1,1
DFMI,MSS 201,Winter,M1,1
DFMI,MSS 201,Winter,T1,1
DFMI,MSS 302,Fall,M1,1
DFMI,UAS 200,Fall,M1,1
DFMI,UAS 200,Winter,M1,1
DFMI,UAS 200,Spring,M1,1
DFMI,UAS 200,Fall,M3,1
DFMI,UAS 200,Fall,T1,1
DFMI,UAS 200,Winter,T1,1
DFMI,UAS 200,Spring,T1,1
DFMI,UAS 200,Fall,T3,1
DFMI,MSS 251,Fall,M1,4
DFMI,MSS 251,Winter,M1,4
DFMI,MSS 251,Spring,M1,4
DFMI,MSS 251,Fall,M3,4
DFMI,MSS 251,Winter,M3,3
DFMI,MSS 251,Spring,M3,4
DFMI,MSS 251,Fall,T1,4
DFMI,MSS 251,Winter,T1,4
DFMI,MSS 251,Spring,T1,3
DFMI,MSS 251,Fall,T3,4
DFMI,MSS 251,Winter,T3,3
DFMI,MSS 251,Spring,T3,3
DFMI,MSS 451,Fall,M1,1
DFMI,MSS 451,Winter,M1,2
DFMI,MSS 451,Fall,M2,1
DFMI,MSS 451,Winter,M2,2
DFMI,MSS 451,Fall,M3,2
DFMI,MSS 451,Winter,M3,1
DFMI,MSS 451,Fall,M4,1
DFMI,MSS 451,Winter,M4,1
DFMI,MSS 451,Fall,T1,1
DFMI,MSS 451,Winter,T1,2
DFMI,MSS 451,Fall,T2,2
DFMI,MSS 451,Winter,T2,1
DFMI,MSS 451,Fall,T3,1
DFMI,MSS 451,Winter,T3,2
DFMI,MSS 451,Fall,T4,1
DFMI,MSS 451,Winter,T4,1
DFMI,UAS 400,Fall,M2,1
DFMI,UAS 400,Spring,M2,1
DFMI,UAS 400,Fall,M3,1
DFMI,UAS 400,Spring,M3,1
DFMI,UAS 400,Winter,T2,1
DFMI,UAS 400,Winter,T3,1
DFMI,MSS 367,Winter,M2,1
DFMI,MSS 470,Spring,M2,1
DFMI,MSS 477,Spring,M2,1
DFMI,MSS 495,Spring,M2,1
DFMI,MSS 498,Spring,M2,1
DFMI,MSS 498,Spring,M3,1
DFMI,MSS 298,Spring,M2,1
DFMI,MSS 298,Spring,T2,1
DFMI,MSS 298,Spring,T3,1
DFMI,MSS 381,Spring,M3,1
DFMI,MSS 381,Winter,T3,1
DFMI,MSS 372,Winter,T2,1
DFMI,MSS 494,Winter,T1,1
DFMI,MSS 362,Winter,T2,1
DFMI,MSS 362,Winter,T3,1
DFMI,MSS 371,Spring,T2,1
DFMI,MSS 480,Spring,T2,1
DFMI,MSS 490,Spring,T2,1
DFMI,MSS 490,Spring,T3,1
DFMI,MSS 491,Spring,T2,1
DFMI,MSS 491,Spring,T3,1
DFMI,MSS 493,Fall,T3,1
DFMI,ForArStu 430,Winter,T3,1
DFF,Arabic 131,Fall,M2,1
DFF,Arabic 131,Fall,T2,1
DFF,Arabic 131,Fall,T3,1
DFF,Arabic 131,Winter,M2,1
DFF,Arabic 131,Winter,M3,1
DFF,Arabic 131,Winter,T3,1
DFF,Arabic 132,Spring,M3,1
DFF,Arabic 132,Spring,T1,1
DFF,Arabic 132,Spring,T4,1
DFF,Arabic 132,Winter,M1,1
DFF,Arabic 132,Winter,M3,1
DFF,Arabic 221,Fall,M2,1
DFF,Arabic 221,Spring,M2,1
DFF,Arabic 221,Winter,T2,1
DFF,Arabic 222,Fall,M2,1
DFF,Arabic 222,Spring,T2,1
DFF,Arabic 222,Winter,T3,1
DFF,Arabic 321,Fall,T2,1
DFF,Arabic 321,Fall,T3,1
DFF,Arabic 322,Winter,T2,1
DFF,Arabic 365,Winter,M3,1
DFF,Arabic 410,Winter,T3,1
DFF,Chinese 131,Fall,M3,1
DFF,Chinese 131,Fall,T1,1
DFF,Chinese 131,Fall,T4,1
DFF,Chinese 131,Winter,M2,1
DFF,Chinese 131,Winter,T2,1
DFF,Chinese 132,Spring,M2,1
DFF,Chinese 132,Spring,T3,1
DFF,Chinese 132,Winter,M2,1
DFF,Chinese 132,Winter,T2,1
DFF,Chinese 221,Fall,M2,1
DFF,Chinese 221,Spring,T2,1
DFF,Chinese 221,Winter,M2,1
DFF,Chinese 222,Fall,T3,1
DFF,Chinese 222,Spring,M2,1
DFF,Chinese 222,Winter,T2,1
DFF,Chinese 321,Fall,T3,1
DFF,Chinese 321,Spring,T3,1
DFF,Chinese 321,Winter,M2,1
DFF,Chinese 322,Fall,M3,1
DFF,Chinese 322,Spring,M2,1
DFF,Chinese 322,Winter,M3,1
DFF,Chinese 365,Fall,M3,1
DFF,Chinese 410,Winter,T3,1
DFF,Chinese 430,Winter,M2,1
DFF,Chinese 431,Winter,M3,1
DFF,ForArStu 415,Winter,T2,1
DFF,ForArStu 420,Winter,M2,1
DFF,ForArStu 425,Spring,T2,1
DFF,ForLang 131,Fall,M2,1
DFF,ForLang 132,Winter,M2,1
DFF,French 131,Fall,M1,1
DFF,French 131,Fall,M2,1
DFF,French 131,Fall,M3,1
DFF,French 131,Fall,T1,1
DFF,French 131,Fall,T2,1
DFF,French 131,Winter,M1,1
DFF,French 131,Winter,M2,1
DFF,French 131,Winter,T2,1
DFF,French 131,Winter,T3,1
DFF,French 132,Spring,M1,1
DFF,French 132,Spring,M3,1
DFF,French 132,Spring,T1,1
DFF,French 132,Spring,T3,1
DFF,French 132,Spring,T4,1
DFF,French 132,Winter,M2,1
DFF,French 132,Winter,M3,1
DFF,French 132,Winter,T1,1
DFF,French 132,Winter,T2,1
DFF,French 132,Winter,T3,1
DFF,French 221,Fall,T2,1
DFF,French 221,Fall,T3,1
DFF,French 221,Spring,T2,1
DFF,French 221,Winter,M3,1
DFF,French 222,Fall,M2,1
DFF,French 222,Fall,M3,1
DFF,French 222,Spring,T2,1
DFF,French 222,Winter,M2,1
DFF,French 321,Fall,M2,1
DFF,French 321,Fall,M3,1
DFF,French 321,Spring,T2,1
DFF,French 321,Winter,T3,1
DFF,French 322,Fall,M2,1
DFF,French 322,Fall,M3,1
DFF,French 322,Spring,M3,1
DFF,French 322,Winter,T2,1
DFF,French 365,Fall,M2,1
DFF,French 365,Fall,M3,1
DFF,French 410,Winter,M3,1
DFF,French 430,Spring,T2,1
DFF,German 131,Fall,M4,1
DFF,German 131,Fall,T1,1
DFF,German 131,Fall,T3,1
DFF,German 131,Fall,M1,1
DFF,German 131,Fall,T2,1
DFF,German 131,Winter,T3,1
DFF,German 131,Winter,M2,1
DFF,German 131,Winter,M3,1
DFF,German 131,Winter,T4,1
DFF,German 132,Winter,M1,1
DFF,German 132,Spring,M2,1
DFF,German 132,Spring,T2,1
DFF,German 132,Spring,M3,1
DFF,German 132,Spring,M4,1
DFF,German 132,Spring,T1,1
DFF,German 132,Winter,M3,1
DFF,German 132,Winter,T1,1
DFF,German 132,Winter,T2,1
DFF,German 221,Fall,M3,1
DFF,German 221,Fall,M4,1
DFF,German 221,Fall,T1,1
DFF,German 221,Spring,M3,1
DFF,German 221,Winter,M2,1
DFF,German 222,Fall,T2,1
DFF,German 222,Fall,T3,1
DFF,German 222,Spring,T2,1
DFF,German 222,Winter,T2,1
DFF,German 321,Fall,T3,1
DFF,German 321,Spring,T3,1
DFF,German 321,Winter,M2,1
DFF,German 322,Fall,T2,1
DFF,German 322,Spring,T3,1
DFF,German 322,Winter,T2,1
DFF,German 365,Fall,M2,1
DFF,German 365,Fall,M3,1
DFF,German 420,Fall,T2,1
DFF,German 495,Spring,M3,1
DFF,Japanese 131,Fall,M4,1
DFF,Japanese 131,Fall,T2,1
DFF,Japanese 131,Fall,T3,1
DFF,Japanese 131,Winter,M3,1
DFF,Japanese 131,Winter,M2,1
DFF,Japanese 132,Winter,M1,1
DFF,Japanese 132,Spring,M4,1
DFF,Japanese 132,Spring,T3,1
DFF,Japanese 132,Spring,M3,1
DFF,Japanese 132,Winter,M2,1
DFF,Japanese 221,Fall,T2,1
DFF,Japanese 221,Fall,T3,1
DFF,Japanese 221,Spring,T3,1
DFF,Japanese 221,Winter,T3,1
DFF,Japanese 222,Fall,T2,1
DFF,Japanese 222,Spring,T2,1
DFF,Japanese 222,Winter,T3,1
DFF,Japanese 321,Fall,T3,1
DFF,Japanese 321,Spring,M2,1
DFF,Japanese 321,Winter,M2,1
DFF,Japanese 322,Fall,T2,1
DFF,Japanese 322,Spring,M2,1
DFF,Japanese 322,Winter,M2,1
DFF,Japanese 365,Fall,M2,1
DFF,Japanese 430,Winter,M3,1
DFF,Portuguese 131,Fall,M1,1
DFF,Portuguese 131,Fall,M2,1
DFF,Portuguese 131,Fall,M3,1
DFF,Portuguese 131,Fall,T2,1
DFF,Portuguese 131,Fall,T3,1
DFF,Portuguese 132,Spring,M1,1
DFF,Portuguese 132,Spring,M2,1
DFF,Portuguese 132,Spring,T2,1
DFF,Portuguese 132,Spring,T3,1
DFF,Portuguese 132,Spring,T4,1
DFF,Portuguese 211,Fall,M2,1
DFF,Portuguese 212,Spring,M2,1
DFF,Portuguese 221,Winter,M3,1
DFF,Portuguese 222,Spring,T2,1
DFF,Portuguese 321,Fall,M2,1
DFF,Portuguese 321,Fall,M3,1
DFF,Portuguese 322,Spring,M2,1
DFF,Portuguese 322,Spring,M3,1
DFF,Portuguese 365,Winter,M2,1
DFF,Portuguese 410,Winter,T3,1
DFF,Russian 131,Fall,M3,1
DFF,Russian 131,Fall,M4,1
DFF,Russian 131,Fall,T4,1
DFF,Russian 131,Fall,M2,1
DFF,Russian 131,Winter,T3,1
DFF,Russian 131,Winter,M2,1
DFF,Russian 131,Winter,M3,1
DFF,Russian 132,Winter,M2,1
DFF,Russian 132,Spring,M3,1
DFF,Russian 132,Spring,T2,1
DFF,Russian 132,Spring,T3,1
DFF,Russian 132,Winter,T2,1
DFF,Russian 132,Winter,T3,1
DFF,Russian 221,Fall,T2,1
DFF,Russian 221,Fall,T3,1
DFF,Russian 221,Spring,M3,1
DFF,Russian 221,Winter,T2,1
DFF,Russian 222,Fall,M3,1
DFF,Russian 222,Spring,M2,1
DFF,Russian 222,Winter,M2,1
DFF,Russian 321,Fall,T2,1
DFF,Russian 321,Spring,M2,1
DFF,Russian 321,Winter,M3,1
DFF,Russian 322,Fall,T2,1
DFF,Russian 322,Spring,M2,1
DFF,Russian 322,Winter,M2,1
DFF,Russian 365,Fall,T3,1
DFF,Russian 410,Winter,T2,1
DFF,Spanish 131,Fall,M3,1
DFF,Spanish 131,Fall,M4,1
DFF,Spanish 131,Fall,T1,1
DFF,Spanish 131,Fall,T2,1
DFF,Spanish 131,Fall,T3,1
DFF,Spanish 131,Fall,M1,1
DFF,Spanish 131,Fall,M2,1
DFF,Spanish 131,Fall,T4,1
DFF,Spanish 131,Winter,T1,1
DFF,Spanish 131,Winter,T3,1
DFF,Spanish 131,Winter,M1,1
DFF,Spanish 131,Winter,M2,1
DFF,Spanish 131,Winter,M3,1
DFF,Spanish 131,Winter,M4,1
DFF,Spanish 131,Winter,T2,1
DFF,Spanish 132,Winter,M4,1
DFF,Spanish 132,Winter,T2,1
DFF,Spanish 132,Spring,M4,1
DFF,Spanish 132,Spring,T1,1
DFF,Spanish 132,Spring,T4,1
DFF,Spanish 132,Spring,M1,1
DFF,Spanish 132,Spring,M2,1
DFF,Spanish 132,Spring,M3,1
DFF,Spanish 132,Spring,T2,1
DFF,Spanish 132,Spring,T3,1
DFF,Spanish 132,Winter,M1,1
DFF,Spanish 132,Winter,M2,1
DFF,Spanish 132,Winter,M3,1
DFF,Spanish 132,Winter,T1,1
DFF,Spanish 132,Winter,T3,1
DFF,Spanish 221,Fall,M1,1
DFF,Spanish 221,Fall,M2,1
DFF,Spanish 221,Fall,M3,1
DFF,Spanish 221,Winter,M2,1
DFF,Spanish 221,Winter,T2,1
DFF,Spanish 222,Winter,M2,1
DFF,Spanish 222,Spring,M3,1
DFF,Spanish 222,Spring,T2,1
DFF,Spanish 222,Winter,T3,1
DFF,Spanish 321,Fall,M2,1
DFF,Spanish 321,Fall,T1,1
DFF,Spanish 321,Fall,T2,1
DFF,Spanish 321,Spring,M3,1
DFF,Spanish 321,Winter,T2,1
DFF,Spanish 321FR,Fall,T2,1
DFF,Spanish 322,Fall,M3,1
DFF,Spanish 322,Fall,T2,1
DFF,Spanish 322,Fall,T3,1
DFF,Spanish 322,Spring,M2,1
DFF,Spanish 322,Winter,M2,1
DFF,Spanish 365,Winter,M2,1
DFF,Spanish 365,Winter,M3,1
DFF,Spanish 365FR,Winter,T2,1
DFF,Spanish 410,Winter,T2,1
DFF,Spanish 410,Winter,T3,1
DFF,Spanish 420,Spring,T3,1
DFF,Spanish 421,Spring,T3,1
AD,PhyEd 711F,Fall,M1,1
AD,PhyEd 110,Fall,M1,2
AD,PhyEd 111,Fall,M1,2
AD,PhyEd 215,Fall,M1,2
AD,PhyEd 112,Fall,M1,2
AD,PhyEd 119,Fall,M1,2
AD,PhyEd 342,Fall,M1,1
AD,PhyEd 343,Fall,M1,1
AD,PhyEd 222,Fall,M1,1
AD,PhyEd 315,Fall,M1,1
AD,PhyEd 120,Fall,M1,1
AD,PhyEd 712F,Fall,M2,1
AD,PhyEd 215,Fall,M2,2
AD,PhyEd 110,Fall,M2,2
AD,PhyEd 111,Fall,M2,2
AD,PhyEd 112,Fall,M2,2
AD,PhyEd 340,Fall,M2,2
AD,PhyEd 341,Fall,M2,2
AD,PhyEd 342,Fall,M2,2
AD,PhyEd 345,Fall,M2,1
306FTG,ArmnShp 471F,Fall,M1,1
306FTG,ArmnShp 471F,Fall,M3,1
306FTG,ArmnShp 471F,Fall,T1,1
306FTG,ArmnShp 471F,Fall,T3,1
306FTG,ArmnShp 471W,Winter,M1,1
306FTG,ArmnShp 471W,Winter,M3,1
306FTG,ArmnShp 471W,Winter,T1,1
306FTG,ArmnShp 471W,Winter,T3,1
306FTG,ArmnShp 471S,Spring,M1,1
306FTG,ArmnShp 471S,Spring,M3,1
306FTG,ArmnShp 471S,Spring,T1,1
306FTG,ArmnShp 471S,Spring,T3,1
306FTG,ArmnShp 473F,Fall,M3,1
306FTG,ArmnShp 473F,Fall,T3,1
306FTG,ArmnShp 473W,Winter,M3,1
306FTG,ArmnShp 473W,Winter,T3,1
306FTG,ArmnShp 473S,Spring,M3,1
306FTG,ArmnShp 473S,Spring,T3,1
306FTG,ArmnShp 461F,Fall,M3,1
306FTG,ArmnShp 461F,Fall,T3,1
306FTG,ArmnShp 461W,Winter,M3,1
306FTG,ArmnShp 461W,Winter,T3,1
306FTG,ArmnShp 461S,Spring,M3,1
306FTG,ArmnShp 461S,Spring,T3,1
306FTG,ArmnShp 465F,Fall,M1,1
306FTG,ArmnShp 465F,Fall,T1,1
306FTG,ArmnShp 465W,Winter,M1,1
306FTG,ArmnShp 465W,Winter,T1,1
306FTG,ArmnShp 465S,Spring,M1,1
306FTG,ArmnShp 465S,Spring,T1,1
306FTG,ArmnShp 465F,Fall,M3,1
306FTG,ArmnShp 465F,Fall,T3,1
306FTG,ArmnShp 465W,Winter,M3,1
306FTG,ArmnShp 465W,Winter,T3,1
306FTG,ArmnShp 465S,Spring,M3,1
306FTG,ArmnShp 465S,Spring,T3,1
306FTG,ArmnShp 474F,Fall,M3,1
306FTG,ArmnShp 474F,Fall,T3,1
306FTG,ArmnShp 474W,Winter,M3,1
306FTG,ArmnShp 474W,Winter,T3,1
306FTG,ArmnShp 474S,Spring,M3,1
306FTG,ArmnShp 474S,Spring,T3,1
306FTG,ArmnShp 475F,Fall,M1,1
306FTG,ArmnShp 475F,Fall,T1,1
306FTG,ArmnShp 475W,Winter,M1,1
306FTG,ArmnShp 475W,Winter,T1,1
306FTG,ArmnShp 475S,Spring,M1,1
306FTG,ArmnShp 475S,Spring,T1,1
306FTG,ArmnShp 475F,Fall,M3,1
306FTG,ArmnShp 475F,Fall,T3,1
306FTG,ArmnShp 475W,Winter,M3,1
306FTG,ArmnShp 475W,Winter,T3,1
306FTG,ArmnShp 475S,Spring,M3,1
306FTG,ArmnShp 475S,Spring,T3,1
306FTG,ArmnShp 491F,Fall,M1,1
306FTG,ArmnShp 491F,Fall,T1,1
306FTG,ArmnShp 491W,Winter,M1,1
306FTG,ArmnShp 491W,Winter,T1,1
306FTG,ArmnShp 491S,Spring,M1,1
306FTG,ArmnShp 491S,Spring,T1,1
306FTG,ArmnShp 496F,Fall,M1,1
306FTG,ArmnShp 496F,Fall,T1,1
306FTG,ArmnShp 496W,Winter,M1,1
306FTG,ArmnShp 496W,Winter,T1,1
306FTG,ArmnShp 496S,Spring,M1,1
306FTG,ArmnShp 496S,Spring,T1,1
DFEM,Engr 495,Spring,T3,1
DFPY,Philos 495B,Winter,M2,1
DFPY,Philos 495B,Winter,M3,1
DFH,History 100,Fall,M1,3
DFH,History 300,Fall,M1,2
DFH,History 100,Fall,M2,3
DFH,History 300,Fall,M2,3
DFH,History 100,Fall,M3,2
DFH,History 300,Fall,M3,3
DFH,History 340,Fall,M3,1
DFH,History 342,Fall,M3,1
DFH,History 344,Fall,M3,1
DFH,History 100,Fall,M4,3
DFH,History 300,Fall,M4,2
DFH,History 100,Fall,T1,2
DFH,History 300,Fall,T1,2
DFH,History 100,Fall,T2,4
DFH,History 230,Fall,T2,1
DFH,History 300,Fall,T2,2
DFH,SocSci 495,Fall,T2,1
DFH,History 100,Fall,T3,3
DFH,History 230,Fall,T3,1
DFH,History 300,Fall,T3,2
DFH,History 339,Fall,T3,1
DFH,History 352,Fall,T3,1
DFH,History 457,Fall,T1,1
DFH,History 100,Fall,T4,2
DFH,History 300,Fall,T4,2
DFH,History 100,Winter,M1,2
DFH,History 300,Winter,M1,2
DFH,History 100,Winter,M2,2
DFH,History 230,Winter,M2,1
DFH,History 300,Winter,M2,2
DFH,History 381,Winter,M2,1
DFH,ForArStu 410,Winter,M3,1
DFH,History 100,Winter,M3,3
DFH,History 300,Winter,M3,2
DFH,History 341,Winter,M3,1
DFH,History 351,Winter,M3,1
DFH,History 374,Winter,M3,1
DFH,History 100,Winter,M4,2
DFH,History 300,Winter,M4,2
DFH,History 100,Winter,T1,2
DFH,History 300,Winter,T1,2
DFH,History 100,Winter,T2,3
DFH,History 300,Winter,T2,2
DFH,History 325,Winter,T2,1
DFH,History 332,Winter,T2,1
DFH,History 100,Winter,T3,3
DFH,History 300,Winter,T3,2
DFH,History 352,Winter,T2,1
DFH,History 363,Winter,T3,1
DFH,History 367,Winter,T4,1
DFH,History 370,Winter,T3,1
DFH,History 498,Winter,T3,1
DFH,History 100,Winter,T4,2
DFH,History 300,Winter,T4,2
DFH,History 100,Spring,M1,3
DFH,History 300,Spring,M1,2
DFH,History 100,Spring,M2,2
DFH,History 300,Spring,M2,2
DFH,History 351,Spring,M2,1
DFH,History 371,Spring,M2,1
DFH,History 373,Spring,M2,1
DFH,History 100,Spring,M3,3
DFH,History 300,Spring,M3,2
DFH,History 351,Spring,M3,1
DFH,History 371,Spring,M3,1
DFH,History 394,Spring,M3,1
DFH,History 100,Spring,M4,2
DFH,History 300,Spring,M4,2
DFH,History 100,Spring,T1,2
DFH,History 300,Spring,T1,2
DFH,History 100,Spring,T2,3
DFH,History 300,Spring,T2,2
DFH,History 345,Spring,T2,1
DFH,History 347,Spring,T2,1
DFH,History 368,Spring,T2,1
DFH,History 375,Spring,T2,1
DFH,History 495,Spring,T2,1
DFH,History 100,Spring,T3,2
DFH,History 300,Spring,T3,2
DFH,History 343,Spring,T3,1
DFH,History 345,Spring,T3,1
DFH,History 495,Spring,T3,1
DFH,History 100,Spring,T4,2
DFH,History 300,Spring,T4,2
DFM,Mgt 303,Fall,M1,1
DFM,Mgt 341,Fall,M1,1
DFM,Mgt 345,Fall,M1,1
DFM,Mgt 382,Fall,M1,1
DFM,Mgt 400,Fall,M1,1
DFM,Mgt 472,Fall,M1,1
DFM,Mgt 477,Fall,M1,1
DFM,OpsRsch 310,Fall,M1,1
DFM,SysEngr 477,Fall,M1,1
DFM,Mgt 303,Fall,M2,1
DFM,Mgt 337,Fall,M2,1
DFM,Mgt 341,Fall,M2,1
DFM,Mgt 345,Fall,M2,1
DFM,Mgt 382,Fall,M2,1
DFM,Mgt 400,Fall,M2,1
DFM,Mgt 472,Fall,M2,1
DFM,Mgt 477,Fall,M2,1
DFM,Mgt 498,Fall,M2,1
DFM,OpsRsch 310,Fall,M2,2
DFM,OpsRsch 406,Fall,M2,1
DFM,SysEngr 311,Fall,M1,1
DFM,SysEngr 336,Fall,M2,1
DFM,SysEngr 477,Fall,T1,1
DFM,Mgt 337,Fall,M3,1
DFM,Mgt 341,Fall,M3,1
DFM,Mgt 345,Fall,M3,1
DFM,Mgt 382,Fall,M3,1
DFM,Mgt 400,Fall,M3,1
DFM,Mgt 472,Fall,M3,1
DFM,Mgt 498,Fall,M3,1
DFM,SysEngr 311,Fall,M3,1
DFM,SysEngr 336,Fall,M3,1
DFM,SysEngr 477,Fall,M3,1
DFM,Mgt 337,Fall,M4,1
DFM,Mgt 341,Fall,M4,1
DFM,Mgt 345,Fall,M4,1
DFM,Mgt 382,Fall,M4,1
DFM,Mgt 400,Fall,M4,1
DFM,Mgt 472,Fall,M4,1
DFM,SysEngr 336,Spring,M4,1
DFM,Mgt 337,Fall,T1,1
DFM,Mgt 341,Fall,T1,1
DFM,Mgt 345,Fall,T1,1
DFM,Mgt 400,Fall,T1,1
DFM,Mgt 472,Fall,T1,1
DFM,Mgt 337,Fall,T2,1
DFM,Mgt 341,Fall,T2,1
DFM,Mgt 345,Fall,T2,2
DFM,Mgt 400,Fall,T2,2
DFM,Mgt 411,Fall,T2,1
DFM,Mgt 419,Fall,T2,2
DFM,Mgt 472,Fall,T2,1
DFM,Mgt 498,Fall,T2,1
DFM,SysEngr 336,Fall,T2,1
DFM,Mgt 303,Fall,T4,1
DFM,Mgt 341,Fall,T3,1
DFM,Mgt 345,Fall,T3,1
DFM,Mgt 382,Fall,T3,1
DFM,Mgt 400,Fall,T3,1
DFM,Mgt 419,Fall,T3,2
DFM,Mgt 472,Fall,T3,1
DFM,Mgt 477,Fall,T3,1
DFM,Mgt 498,Fall,T3,1
DFM,OpsRsch 310,Fall,T3,2
DFM,OpsRsch 421,Fall,T3,1
DFM,SysEngr 311,Fall,T3,1
DFM,Mgt 303,Fall,T3,1
DFM,Mgt 345,Fall,T4,1
DFM,Mgt 382,Fall,T4,1
DFM,Mgt 400,Fall,T4,1
DFM,Mgt 419,Fall,T4,2
DFM,Mgt 472,Fall,T4,1
DFM,Mgt 477,Fall,T4,1
DFM,OpsRsch 310,Fall,T4,1
DFM,SysEngr 311,Fall,T4,1
DFM,Mgt 341,Winter,M1,1
DFM,Mgt 342,Winter,M1,1
DFM,Mgt 375,Winter,M1,1
DFM,Mgt 400,Winter,M1,1
DFM,Mgt 448,Winter,M1,1
DFM,OpsRsch 310,Winter,M1,1
DFM,Mgt 341,Winter,M2,1
DFM,Mgt 342,Winter,M2,1
DFM,Mgt 372,Winter,M2,1
DFM,Mgt 375,Winter,M2,1
DFM,Mgt 382,Winter,M2,1
DFM,Mgt 400,Winter,M2,1
DFM,Mgt 401,Winter,M2,1
DFM,Mgt 420,Winter,M2,7
DFM,Mgt 448,Winter,M2,1
DFM,Mgt 498,Winter,M2,1
DFM,OpsRsch 310,Winter,M2,2
DFM,OpsRsch 406,Winter,M2,1
DFM,Mgt 341,Winter,M3,1
DFM,Mgt 342,Winter,M3,1
DFM,Mgt 375,Winter,M3,1
DFM,Mgt 382,Winter,M3,1
DFM,Mgt 400,Winter,M3,2
DFM,Mgt 401,Winter,M3,1
DFM,Mgt 420,Winter,M3,1
DFM,Mgt 498,Winter,M3,1
DFM,Mgt 400,Winter,M4,1
DFM,Mgt 420,Winter,M4,1
DFM,Mgt 303,Winter,T1,1
DFM,Mgt 341,Winter,T1,1
DFM,Mgt 342,Winter,T1,1
DFM,Mgt 382,Winter,T1,1
DFM,Mgt 400,Winter,T1,1
DFM,Mgt 401,Winter,T1,1
DFM,SysEngr 301,Winter,T1,2
DFM,Mgt 303,Winter,T2,1
DFM,Mgt 341,Winter,T2,1
DFM,Mgt 342,Winter,T2,1
DFM,Mgt 361,Winter,T2,1
DFM,Mgt 375,Winter,T2,1
DFM,Mgt 382,Winter,T2,1
DFM,Mgt 400,Winter,T2,2
DFM,Mgt 401,Winter,T2,1
DFM,Mgt 420,Winter,T2,1
DFM,Mgt 498,Winter,T2,1
DFM,SysEngr 301,Winter,T2,2
DFM,Mgt 341,Winter,T3,1
DFM,Mgt 342,Winter,T3,1
DFM,Mgt 361,Winter,T3,1
DFM,Mgt 375,Winter,T3,1
DFM,Mgt 382,Winter,T3,1
DFM,Mgt 400,Winter,T3,1
DFM,Mgt 420,Winter,T3,1
DFM,Mgt 448,Winter,T3,1
DFM,OpsRsch 310,Winter,T3,2
DFM,OpsRsch 422,Winter,T3,1
DFM,SysEngr 301,Winter,T4,2
DFM,Mgt 361,Winter,T4,1
DFM,Mgt 375,Winter,T4,1
DFM,Mgt 400,Winter,T4,1
DFM,Mgt 420,Winter,T4,1
DFM,Mgt 448,Winter,T4,1
DFM,OpsRsch 310,Winter,T4,1
DFM,Mgt 337,Spring,M1,1
DFM,Mgt 342,Spring,M1,1
DFM,Mgt 400,Spring,M1,1
DFM,Mgt 401,Spring,M1,1
DFM,OpsRsch 310,Spring,M1,1
DFM,Mgt 337,Spring,M2,1
DFM,Mgt 342,Spring,M2,1
DFM,Mgt 375,Spring,M2,1
DFM,Mgt 400,Spring,M2,1
DFM,Mgt 401,Spring,M2,1
DFM,Mgt 420,Spring,M2,9
DFM,Mgt 448,Spring,M2,1
DFM,OpsRsch 310,Spring,M2,2
DFM,OpsRsch 406,Spring,M2,1
DFM,Mgt 303,Spring,M4,1
DFM,Mgt 337,Spring,M3,1
DFM,Mgt 342,Spring,M3,1
DFM,Mgt 375,Spring,M3,1
DFM,Mgt 400,Spring,M3,1
DFM,Mgt 401,Spring,M3,1
DFM,Mgt 420,Spring,M3,1
DFM,Mgt 448,Spring,M3,1
DFM,Mgt 303,Spring,M3,1
DFM,Mgt 375,Spring,M4,1
DFM,Mgt 400,Spring,M4,1
DFM,Mgt 420,Spring,M4,1
DFM,Mgt 448,Spring,M4,1
DFM,Mgt 337,Spring,T1,1
DFM,Mgt 375,Spring,T1,1
DFM,Mgt 400,Spring,T1,1
DFM,Mgt 337,Spring,T2,1
DFM,Mgt 342,Spring,T2,1
DFM,Mgt 372,Spring,T2,1
DFM,Mgt 375,Spring,T2,1
DFM,Mgt 400,Spring,T2,2
DFM,Mgt 420,Spring,T2,1
DFM,Mgt 448,Spring,T2,1
DFM,Mgt 478,Spring,T2,2
DFM,OpsRsch 310,Spring,T2,1
DFM,Mgt 337,Spring,T3,1
DFM,Mgt 342,Spring,T3,1
DFM,Mgt 400,Spring,T3,1
DFM,Mgt 401,Spring,T3,1
DFM,Mgt 420,Spring,T3,1
DFM,Mgt 448,Spring,T3,1
DFM,Mgt 478,Spring,T3,2
DFM,OpsRsch 310,Spring,T3,2
DFM,OpsRsch 422,Spring,T3,1
DFM,Mgt 400,Spring,T4,1
DFM,Mgt 401,Spring,T4,1
DFM,Mgt 420,Spring,T4,1
DFM,Mgt 448,Spring,T4,1
DFM,OpsRsch 310,Spring,T4,1
DFMS,Math 141,Fall,M1,4
DFMS,Math 152,Fall,M1,2
DFMS,Math 253,Fall,M1,1
DFMS,Math 300,Fall,M1,1
DFMS,Math 356,Fall,M1,1
DFMS,Math 377,Fall,M1,1
DFMS,Math 141,Fall,M2,5
DFMS,Math 142,Fall,M2,1
DFMS,Math 152,Fall,M2,2
DFMS,Math 245,Fall,M2,1
DFMS,Math 253,Fall,M2,1
DFMS,Math 300,Fall,M2,1
DFMS,Math 320,Fall,M2,1
DFMS,Math 356,Fall,M2,1
DFMS,Math 360,Fall,M2,1
DFMS,Math 377,Fall,M2,1
DFMS,Math 474,Fall,M2,1
DFMS,OpsRsch 311,Fall,M2,1
DFMS,Math 141,Fall,M3,6
DFMS,Math 152,Fall,M3,3
DFMS,Math 245,Fall,M3,1
DFMS,Math 253,Fall,M3,1
DFMS,Math 300,Fall,M3,1
DFMS,Math 356,Fall,M3,1
DFMS,Math 451,Fall,M3,1
DFMS,Math 469,Fall,M3,1
DFMS,OpsRsch 311,Fall,M3,1
DFMS,Math 141,Fall,M4,3
DFMS,Math 152,Fall,M4,1
DFMS,Math 245,Spring,T1,1
DFMS,Math 300,Fall,M4,1
DFMS,Math 356,Fall,M4,1
DFMS,Math 141,Fall,T1,6
DFMS,Math 152,Fall,T1,2
DFMS,Math 245,Fall,T1,1
DFMS,Math 300,Fall,T1,1
DFMS,Math 346,Fall,T1,1
DFMS,Math 141,Fall,T2,6
DFMS,Math 152,Fall,T2,3
DFMS,Math 243,Fall,T2,1
DFMS,Math 245,Fall,T2,1
DFMS,Math 300,Fall,T2,1
DFMS,Math 344,Fall,T2,1
DFMS,Math 356,Fall,T2,1
DFMS,Math 420,Fall,T2,1
DFMS,OpsRsch 405,Fall,T2,1
DFMS,Math 141,Fall,T3,5
DFMS,Math 152,Fall,T3,3
DFMS,Math 300,Fall,T3,1
DFMS,Math 346,Fall,T3,1
DFMS,Math 356,Fall,T3,1
DFMS,Math 141,Fall,T4,4
DFMS,Math 152,Fall,T4,1
DFMS,Math 300,Fall,T4,1
DFMS,Math 356,Fall,T4,1
DFMS,Math 141,Winter,M1,1
DFMS,Math 142,Winter,M1,4
DFMS,Math 243,Winter,M1,1
DFMS,Math 300,Winter,M1,2
DFMS,Math 356,Winter,M1,1
DFMS,Math 378,Winter,M1,1
DFMS,OpsRsch 311,Winter,M1,1
DFMS,Math 141,Winter,M2,1
DFMS,Math 142,Winter,M2,4
DFMS,Math 243,Winter,M2,1
DFMS,Math 245,Winter,M2,1
DFMS,Math 300,Winter,M2,1
DFMS,Math 344,Winter,M2,1
DFMS,Math 356,Winter,M2,1
DFMS,Math 360,Winter,M2,1
DFMS,Math 366,Winter,M2,1
DFMS,Math 378,Winter,M2,1
DFMS,OpsRsch 312,Winter,M2,1
DFMS,Math 141,Winter,M3,1
DFMS,Math 142,Winter,M3,4
DFMS,Math 243,Winter,M3,2
DFMS,Math 245,Winter,M3,1
DFMS,Math 300,Winter,M3,1
DFMS,Math 344,Winter,M3,1
DFMS,Math 359,Winter,M3,1
DFMS,OpsRsch 312,Winter,M3,1
DFMS,Math 142,Winter,M4,5
DFMS,Math 243,Winter,M4,1
DFMS,Math 356,Winter,M4,1
DFMS,Math 142,Winter,T1,4
DFMS,Math 243,Winter,T1,1
DFMS,Math 245,Winter,T1,1
DFMS,Math 300,Winter,T1,1
DFMS,Math 342,Winter,T1,1
DFMS,Math 346,Winter,T1,1
DFMS,Math 356,Winter,T1,1
DFMS,Math 359,Winter,T1,1
DFMS,Math 142,Winter,T2,6
DFMS,Math 243,Winter,T2,2
DFMS,Math 245,Winter,T2,1
DFMS,Math 300,Winter,T2,1
DFMS,Math 340,Winter,T2,1
DFMS,Math 346,Winter,T2,1
DFMS,Math 359,Winter,T2,1
DFMS,Math 377,Winter,T2,1
DFMS,Math 421,Winter,T2,1
DFMS,Math 465,Winter,T2,1
DFMS,OpsRsch 312,Winter,T2,1
DFMS,Math 142,Winter,T3,6
DFMS,Math 243,Winter,T3,1
DFMS,Math 300,Winter,T3,1
DFMS,Math 340,Winter,T3,1
DFMS,Math 356,Winter,T3,1
DFMS,Math 470,Winter,T3,1
DFMS,OpsRsch 312,Winter,T3,1
DFMS,Math 142,Winter,T4,3
DFMS,Math 243,Winter,T4,1
DFMS,Math 245,Spring,M4,1
DFMS,Math 300,Winter,T4,1
DFMS,Math 356,Winter,T4,1
DFMS,Math 243,Spring,M1,1
DFMS,Math 245,Spring,M1,1
DFMS,Math 300,Spring,M1,1
DFMS,Math 356,Spring,M1,1
DFMS,Math 366,Spring,M1,1
DFMS,Math 142,Spring,M2,1
DFMS,Math 243,Spring,M2,1
DFMS,Math 245,Spring,M2,1
DFMS,Math 300,Spring,M2,1
DFMS,Math 320,Spring,M2,1
DFMS,Math 356,Spring,M2,1
DFMS,Math 378,Spring,M2,1
DFMS,OpsRsch 312,Spring,M2,1
DFMS,Math 142,Spring,M3,1
DFMS,Math 243,Spring,M3,1
DFMS,Math 245,Spring,M3,1
DFMS,Math 300,Spring,M3,1
DFMS,Math 356,Spring,M3,1
DFMS,Math 243,Spring,M4,2
DFMS,Math 300,Spring,M4,1
DFMS,Math 356,Spring,M4,1
DFMS,Math 243,Spring,T1,1
DFMS,Math 300,Spring,T1,1
DFMS,Math 340,Spring,T1,1
DFMS,Math 356,Spring,T1,2
DFMS,Math 378,Spring,T1,1
DFMS,OpsRsch 312,Spring,T1,1
DFMS,Math 142,Spring,T2,1
DFMS,Math 243,Spring,T2,1
DFMS,Math 245,Spring,T2,1
DFMS,Math 300,Spring,T2,2
DFMS,Math 340,Spring,T2,1
DFMS,Math 346,Spring,T2,1
DFMS,Math 356,Spring,T2,1
DFMS,Math 142,Spring,T3,1
DFMS,Math 243,Spring,T3,1
DFMS,Math 245,Spring,T3,1
DFMS,Math 300,Spring,T3,1
DFMS,Math 356,Spring,T3,1
DFMS,Math 243,Spring,T4,1
DFMS,Math 300,Spring,T4,1
DFMS,Math 356,Spring,T4,1
DFPS,PolSci 211,Fall,M1,2
DFPS,PolSci 300,Fall,M1,1
DFPS,SocSci 412,Fall,M1,1
DFPS,PolSci 211,Fall,M2,4
DFPS,PolSci 300,Fall,M2,1
DFPS,SocSci 412,Fall,M2,2
DFPS,PolSci 211,Fall,M3,3
DFPS,PolSci 300,Fall,M3,1
DFPS,PolSci 479,Fall,M3,1
DFPS,SocSci 412,Fall,M3,2
DFPS,PolSci 211,Fall,M4,2
DFPS,SocSci 412,Fall,M4,1
DFPS,PolSci 211,Fall,T1,3
DFPS,PolSci 300,Fall,T1,1
DFPS,SocSci 412,Fall,T1,2
DFPS,PolSci 211,Fall,T2,4
DFPS,PolSci 300,Fall,T2,1
DFPS,SocSci 412,Fall,T2,3
DFPS,PolSci 211,Fall,T3,4
DFPS,PolSci 475,Fall,T3,1
DFPS,PolSci 477,Fall,T3,1
DFPS,SocSci 412,Fall,T3,2
DFPS,PolSci 211,Fall,T4,2
DFPS,SocSci 412,Fall,T4,1
DFPS,PolSci 211,Winter,M1,2
DFPS,PolSci 491,Winter,M3,1
DFPS,SocSci 212,Winter,M1,1
DFPS,SocSci 412,Winter,M1,1
DFPS,PolSci 211,Winter,M2,3
DFPS,PolSci 464,Winter,M1,1
DFPS,PolSci 481,Winter,M1,1
DFPS,PolSci 482,Winter,M2,1
DFPS,PolSci 484,Winter,M2,1
DFPS,PolSci 491,Winter,T3,1
DFPS,SocSci 212,Winter,M2,1
DFPS,SocSci 311,Winter,M2,1
DFPS,SocSci 412,Winter,M2,2
DFPS,PolSci 211,Winter,M3,3
DFPS,PolSci 390,Winter,M3,1
DFPS,PolSci 444,Winter,M3,1
DFPS,PolSci 496,Winter,M3,1
DFPS,SocSci 212,Winter,M3,1
DFPS,SocSci 412,Winter,M3,2
DFPS,PolSci 211,Winter,M4,2
DFPS,SocSci 212,Winter,M4,1
DFPS,SocSci 311,Winter,M4,1
DFPS,SocSci 412,Winter,M4,1
DFPS,PolSci 211,Winter,T1,3
DFPS,PolSci 491,Winter,T1,1
DFPS,SocSci 212,Winter,T1,1
DFPS,SocSci 311,Winter,T1,1
DFPS,SocSci 412,Winter,T1,1
DFPS,PolSci 211,Winter,T2,4
DFPS,PolSci 301,Winter,T2,1
DFPS,PolSci 421,Winter,T2,1
DFPS,SocSci 212,Winter,T2,1
DFPS,SocSci 412,Winter,T2,2
DFPS,ForArStu 440,Winter,T3,1
DFPS,ForArStu 445,Winter,T3,1
DFPS,PolSci 211,Winter,T3,4
DFPS,PolSci 301,Winter,T3,1
DFPS,SocSci 212,Winter,T3,1
DFPS,SocSci 412,Winter,T3,1
DFPS,PolSci 211,Winter,T4,2
DFPS,PolSci 301,Winter,T4,1
DFPS,SocSci 212,Winter,T4,1
DFPS,SocSci 412,Winter,T4,1
DFPS,PolSci 211,Spring,M1,3
DFPS,SocSci 412,Spring,M1,1
DFPS,PolSci 211,Spring,M2,4
DFPS,PolSci 302,Spring,M2,1
DFPS,PolSci 394,Spring,M1,1
DFPS,PolSci 462,Spring,M2,1
DFPS,PolSci 473,Spring,M2,1
DFPS,SocSci 412,Spring,M2,1
DFPS,PolSci 211,Spring,M3,4
DFPS,PolSci 302,Spring,M3,1
DFPS,PolSci 392,Spring,M3,1
DFPS,PolSci 394,Spring,M4,1
DFPS,PolSci 462,Spring,M3,1
DFPS,PolSci 471,Spring,M3,1
DFPS,SocSci 412,Spring,M3,1
DFPS,PolSci 211,Spring,M4,2
DFPS,SocSci 412,Spring,M4,1
DFPS,PolSci 211,Spring,T1,2
DFPS,PolSci 302,Spring,T1,1
DFPS,PolSci 423,Spring,T1,1
DFPS,SocSci 412,Spring,T1,1
DFPS,PolSci 211,Spring,T2,3
DFPS,PolSci 302,Spring,T2,1
DFPS,PolSci 423,Spring,T2,1
DFPS,PolSci 445,Spring,T2,1
DFPS,PolSci 469,Spring,T2,1
DFPS,SocSci 412,Spring,T2,1
DFPS,PolSci 211,Spring,T3,3
DFPS,SocSci 412,Spring,T3,1
DFPS,SocSci 467,Spring,T3,1
DFPS,SocSci 495,Spring,T3,1
DFPS,PolSci 211,Spring,T4,2
DFPS,PolSci 423,Spring,T4,1
DFPS,SocSci 412,Spring,T4,1
DFR,Exchange 100F,Fall,M1,1
DFR,Exchange 200F,Fall,M3,1
DFR,Exchange 300F,Fall,T1,1
DFR,Exchange 400F,Fall,T3,1
DFR,Exchange 100S,Spring,M1,1
DFR,Exchange 200S,Spring,M3,1
DFR,Exchange 300S,Spring,T1,1
DFR,Exchange 400S,Spring,T3,1
DFEM,EngrMech 330,Spring,M2,1
DFEM,EngrMech 330,Spring,M3,1
DFEM,EngrMech 332,Spring,T3,1
DFEM,EngrMech 332,Fall,T3,1
DFEG,Geo 351,Fall,T3,1
DFB,Biology 380,Fall,T2,1
DFCS,CompSci 471,Winter,T3,1
DFEM,EngrMech 340,Spring,M2,1
DFBL,BehSci 332,Winter,M1,1
DFAN,SysEngr 491,Winter,M1,1
DFAN,SysEngr 491,Winter,M3,1
DFAN,SysEngr 491,Winter,T1,2
DFAN,SysEngr 491,Winter,T3,1
DFAS,SysEngr 491,Fall,T3,1
DFBL,SysEngr 491,Fall,T3,1
DFCS,SysEngr 491,Fall,M1,1
DFEC,SysEngr 491,Fall,T3,1
DFEM,SysEngr 491,Fall,M2,1
DFAN,SysEngr 492,Spring,M1,2
DFAN,SysEngr 492,Spring,T1,1
DFAN,SysEngr 492,Spring,T3,1
AD,PhyEd 487,Fall,M2,2
AD,PhyEd 488,Fall,M2,1
AD,PhyEd 222,Fall,M2,1
AD,PhyEd 315,Fall,M2,1
AD,PhyEd 713F,Fall,M3,1
AD,PhyEd 215,Fall,M3,2
AD,PhyEd 110,Fall,M3,2
AD,PhyEd 111,Fall,M3,2
AD,PhyEd 112,Fall,M3,2
AD,PhyEd 340,Fall,M3,2
AD,PhyEd 342,Fall,M3,2
AD,PhyEd 484,Fall,M3,1
AD,PhyEd 488,Fall,M3,1
AD,PhyEd 222,Fall,M3,1
AD,PhyEd 315,Fall,M3,1
AD,PhyEd 341,Fall,M3,1
AD,PhyEd 343,Fall,M3,1
AD,PhyEd 486,Fall,M3,1
AD,PhyEd 714F,Fall,M4,1
AD,PhyEd 215,Fall,M4,2
AD,PhyEd 110,Fall,M4,2
AD,PhyEd 111,Fall,M4,2
AD,PhyEd 119,Fall,M4,2
AD,PhyEd 340,Fall,M4,2
AD,PhyEd 341,Fall,M4,1
AD,PhyEd 342,Fall,M4,2
AD,PhyEd 343,Fall,M4,1
AD,PhyEd 344,Fall,M4,2
AD,PhyEd 345,Fall,M4,1
AD,PhyEd 484,Fall,M4,2
AD,PhyEd 486,Fall,M4,2
AD,PhyEd 487,Fall,M4,2
AD,PhyEd 488,Fall,M4,1
AD,PhyEd 222,Fall,M4,1
AD,PhyEd 315,Fall,M4,1
AD,PhyEd 120,Fall,M4,1
AD,PhyEd 715F,Fall,T1,1
AD,PhyEd 215,Fall,T1,2
AD,PhyEd 110,Fall,T1,2
AD,PhyEd 111,Fall,T1,2
AD,PhyEd 112,Fall,T1,2
AD,PhyEd 119,Fall,T1,2
AD,PhyEd 342,Fall,T1,1
AD,PhyEd 343,Fall,T1,1
AD,PhyEd 222,Fall,T1,1
AD,PhyEd 315,Fall,T1,1
AD,PhyEd 120,Fall,T1,1
AD,PhyEd 716F,Fall,T2,1
AD,PhyEd 215,Fall,T2,2
AD,PhyEd 110,Fall,T2,2
AD,PhyEd 111,Fall,T2,2
AD,PhyEd 112,Fall,T2,2
AD,PhyEd 340,Fall,T2,2
AD,PhyEd 341,Fall,T2,2
AD,PhyEd 342,Fall,T2,2
AD,PhyEd 345,Fall,T2,1
AD,PhyEd 487,Fall,T2,2
AD,PhyEd 488,Fall,T2,1
AD,PhyEd 222,Fall,T2,1
AD,PhyEd 315,Fall,T2,1
AD,PhyEd 717F,Fall,T3,1
AD,PhyEd 215,Fall,T3,2
AD,PhyEd 110,Fall,T3,2
AD,PhyEd 111,Fall,T3,2
AD,PhyEd 112,Fall,T3,2
AD,PhyEd 340,Fall,T3,2
AD,PhyEd 342,Fall,T3,2
AD,PhyEd 484,Fall,T3,1
AD,PhyEd 488,Fall,T3,1
AD,PhyEd 222,Fall,T3,1
AD,PhyEd 315,Fall,T3,1
AD,PhyEd 341,Fall,T3,1
AD,PhyEd 343,Fall,T3,1
AD,PhyEd 486,Fall,T3,1
AD,PhyEd 718F,Fall,T4,1
AD,PhyEd 215,Fall,T4,2
AD,PhyEd 110,Fall,T4,2
AD,PhyEd 111,Fall,T4,2
AD,PhyEd 119,Fall,T4,2
AD,PhyEd 340,Fall,T4,2
AD,PhyEd 341,Fall,T4,1
AD,PhyEd 342,Fall,T4,2
AD,PhyEd 343,Fall,T4,1
AD,PhyEd 344,Fall,T4,2
AD,PhyEd 345,Fall,T4,1
AD,PhyEd 484,Fall,T4,2
AD,PhyEd 486,Fall,T4,2
AD,PhyEd 487,Fall,T4,2
AD,PhyEd 222,Fall,T4,1
AD,PhyEd 315,Fall,T4,1
AD,PhyEd 120,Fall,T4,1
AD,PhyEd 711S,Spring,M1,1
AD,PhyEd 111,Spring,M1,1
AD,PhyEd 110,Spring,M1,2
AD,PhyEd 215,Spring,M1,1
AD,PhyEd 222,Spring,M1,2
AD,PhyEd 315,Spring,M1,2
AD,PhyEd 211,Spring,M1,2
AD,PhyEd 120,Spring,M1,1
AD,PhyEd 112,Spring,M1,1
AD,PhyEd 342,Spring,M1,1
AD,PhyEd 712S,Spring,M2,1
AD,PhyEd 111,Spring,M2,1
AD,PhyEd 110,Spring,M2,2
AD,PhyEd 215,Spring,M2,1
AD,PhyEd 222,Spring,M2,2
AD,PhyEd 315,Spring,M2,2
AD,PhyEd 112,Spring,M2,2
AD,PhyEd 341,Spring,M2,2
AD,PhyEd 343,Spring,M2,2
AD,PhyEd 344,Spring,M2,2
AD,PhyEd 487,Spring,M2,2
AD,PhyEd 488,Spring,M2,2
AD,PhyEd 342,Spring,M2,1
AD,PhyEd 486,Spring,M2,1
AD,PhyEd 713S,Spring,M3,1
AD,PhyEd 111,Spring,M3,1
AD,PhyEd 110,Spring,M3,2
AD,PhyEd 215,Spring,M3,1
AD,PhyEd 222,Spring,M3,2
AD,PhyEd 315,Spring,M3,2
AD,PhyEd 112,Spring,M3,2
AD,PhyEd 340,Spring,M3,2
AD,PhyEd 341,Spring,M3,1
AD,PhyEd 342,Spring,M3,2
AD,PhyEd 343,Spring,M3,1
AD,PhyEd 488,Spring,M3,1
AD,PhyEd 486,Spring,M3,1
AD,PhyEd 714S,Spring,M4,1
AD,PhyEd 111,Spring,M4,1
AD,PhyEd 110,Spring,M4,2
AD,PhyEd 215,Spring,M4,1
AD,PhyEd 222,Spring,M4,2
AD,PhyEd 315,Spring,M4,2
AD,PhyEd 112,Spring,M4,1
AD,PhyEd 211,Spring,M4,2
AD,PhyEd 340,Spring,M4,2
AD,PhyEd 342,Spring,M4,2
AD,PhyEd 344,Spring,M4,2
AD,PhyEd 345,Spring,M4,2
AD,PhyEd 484,Spring,M4,2
AD,PhyEd 486,Spring,M4,2
AD,PhyEd 487,Spring,M4,2
AD,PhyEd 488,Spring,M4,2
AD,PhyEd 120,Spring,M4,1
AD,PhyEd 341,Spring,M4,1
AD,PhyEd 343,Spring,M4,1
AD,PhyEd 715S,Spring,T1,1
AD,PhyEd 111,Spring,T1,1
AD,PhyEd 110,Spring,T1,2
AD,PhyEd 215,Spring,T1,1
AD,PhyEd 222,Spring,T1,2
AD,PhyEd 315,Spring,T1,2
AD,PhyEd 211,Spring,T1,2
AD,PhyEd 120,Spring,T1,1
AD,PhyEd 112,Spring,T1,1
AD,PhyEd 342,Spring,T1,1
AD,PhyEd 487,Spring,T1,1
AD,PhyEd 716S,Spring,T2,1
AD,PhyEd 110,Spring,T2,2
AD,PhyEd 111,Spring,T2,1
AD,PhyEd 215,Spring,T2,1
AD,PhyEd 222,Spring,T2,2
AD,PhyEd 315,Spring,T2,2
AD,PhyEd 112,Spring,T2,2
AD,PhyEd 341,Spring,T2,2
AD,PhyEd 343,Spring,T2,2
AD,PhyEd 486,Spring,T2,2
AD,PhyEd 487,Spring,T2,2
AD,PhyEd 488,Spring,T2,2
AD,PhyEd 342,Spring,T2,1
AD,PhyEd 717S,Spring,T3,1
AD,PhyEd 110,Spring,T3,2
AD,PhyEd 111,Spring,T3,1
AD,PhyEd 215,Spring,T3,1
AD,PhyEd 222,Spring,T3,2
AD,PhyEd 315,Spring,T3,2
AD,PhyEd 112,Spring,T3,2
AD,PhyEd 340,Spring,T3,2
AD,PhyEd 341,Spring,T3,1
AD,PhyEd 342,Spring,T3,2
AD,PhyEd 343,Spring,T3,2
AD,PhyEd 486,Spring,T3,2
AD,PhyEd 488,Spring,T3,2
AD,PhyEd 718S,Spring,T4,1
AD,PhyEd 110,Spring,T4,2
AD,PhyEd 111,Spring,T4,1
AD,PhyEd 215,Spring,T4,1
AD,PhyEd 222,Spring,T4,2
AD,PhyEd 315,Spring,T4,2
AD,PhyEd 112,Spring,T4,1
AD,PhyEd 211,Spring,T4,2
AD,PhyEd 340,Spring,T4,2
AD,PhyEd 342,Spring,T4,2
AD,PhyEd 343,Spring,T4,2
AD,PhyEd 344,Spring,T4,2
AD,PhyEd 345,Spring,T4,2
AD,PhyEd 484,Spring,T4,2
AD,PhyEd 486,Spring,T4,2
AD,PhyEd 487,Spring,T4,2
AD,PhyEd 120,Spring,T4,1
AD,PhyEd 341,Spring,T4,1
AD,PhyEd 711W,Winter,M1,1
AD,PhyEd 111,Winter,M1,2
AD,PhyEd 215,Winter,M1,2
AD,PhyEd 222,Winter,M1,2
AD,PhyEd 315,Winter,M1,2
AD,PhyEd 110,Winter,M1,2
AD,PhyEd 112,Winter,M1,1
AD,PhyEd 119,Winter,M1,2
AD,PhyEd 211,Winter,M1,2
AD,PhyEd 344,Winter,M1,1
AD,PhyEd 484,Winter,M1,1
AD,PhyEd 120,Winter,M1,2
AD,PhyEd 712W,Winter,M2,1
AD,PhyEd 111,Winter,M2,2
AD,PhyEd 215,Winter,M2,2
AD,PhyEd 222,Winter,M2,2
AD,PhyEd 315,Winter,M2,2
AD,PhyEd 110,Winter,M2,2
AD,PhyEd 112,Winter,M2,2
AD,PhyEd 341,Winter,M2,2
AD,PhyEd 343,Winter,M2,2
AD,PhyEd 345,Winter,M2,2
AD,PhyEd 484,Winter,M2,1
AD,PhyEd 713W,Winter,M3,1
AD,PhyEd 111,Winter,M3,2
AD,PhyEd 215,Winter,M3,2
AD,PhyEd 222,Winter,M3,2
AD,PhyEd 315,Winter,M3,2
AD,PhyEd 110,Winter,M3,2
AD,PhyEd 112,Winter,M3,2
AD,PhyEd 340,Winter,M3,2
AD,PhyEd 341,Winter,M3,2
AD,PhyEd 344,Winter,M3,2
AD,PhyEd 345,Winter,M3,2
AD,PhyEd 484,Winter,M3,2
AD,PhyEd 343,Winter,M3,1
AD,PhyEd 714W,Winter,M4,1
AD,PhyEd 111,Winter,M4,2
AD,PhyEd 215,Winter,M4,2
AD,PhyEd 222,Winter,M4,2
AD,PhyEd 315,Winter,M4,2
AD,PhyEd 110,Winter,M4,2
AD,PhyEd 119,Winter,M4,2
AD,PhyEd 211,Winter,M4,2
AD,PhyEd 340,Winter,M4,2
AD,PhyEd 343,Winter,M4,1
AD,PhyEd 120,Winter,M4,2
AD,PhyEd 112,Winter,M4,1
AD,PhyEd 484,Winter,M4,1
AD,PhyEd 715W,Winter,T1,1
AD,PhyEd 215,Winter,T1,2
AD,PhyEd 222,Winter,T1,2
AD,PhyEd 315,Winter,T1,2
AD,PhyEd 111,Winter,T1,2
AD,PhyEd 110,Winter,T1,2
AD,PhyEd 112,Winter,T1,1
AD,PhyEd 119,Winter,T1,2
AD,PhyEd 211,Winter,T1,2
AD,PhyEd 343,Winter,T1,1
AD,PhyEd 484,Winter,T1,1
AD,PhyEd 120,Winter,T1,2
AD,PhyEd 716W,Winter,T2,1
AD,PhyEd 215,Winter,T2,2
AD,PhyEd 222,Winter,T2,2
AD,PhyEd 315,Winter,T2,2
AD,PhyEd 111,Winter,T2,2
AD,PhyEd 110,Winter,T2,2
AD,PhyEd 112,Winter,T2,2
AD,PhyEd 341,Winter,T2,2
AD,PhyEd 344,Winter,T2,2
AD,PhyEd 345,Winter,T2,2
AD,PhyEd 484,Winter,T2,1
AD,PhyEd 343,Winter,T2,1
AD,PhyEd 717W,Winter,T3,1
AD,PhyEd 215,Winter,T3,2
AD,PhyEd 222,Winter,T3,2
AD,PhyEd 315,Winter,T3,2
AD,PhyEd 111,Winter,T3,2
AD,PhyEd 110,Winter,T3,2
AD,PhyEd 112,Winter,T3,2
AD,PhyEd 340,Winter,T3,2
AD,PhyEd 341,Winter,T3,2
AD,PhyEd 343,Winter,T3,2
AD,PhyEd 345,Winter,T3,1
AD,PhyEd 484,Winter,T3,2
AD,PhyEd 718W,Winter,T4,1
AD,PhyEd 215,Winter,T4,2
AD,PhyEd 222,Winter,T4,2
AD,PhyEd 315,Winter,T4,2
AD,PhyEd 111,Winter,T4,2
AD,PhyEd 110,Winter,T4,2
AD,PhyEd 119,Winter,T4,2
AD,PhyEd 211,Winter,T4,2
AD,PhyEd 340,Winter,T4,2
AD,PhyEd 343,Winter,T4,2
AD,PhyEd 344,Winter,T4,2
AD,PhyEd 120,Winter,T4,2
AD,PhyEd 112,Winter,T4,1
AD,PhyEd 484,Winter,T4,1
AD,PhyEd 110,Winter Trng Pd,M1,1
AD,PhyEd 110,Winter Trng Pd,M2,1
AD,PhyEd 110,Winter Trng Pd,M3,1
AD,PhyEd 110,Winter Trng Pd,M4,1
DFC,Chem 233,Fall,M2,1
DFC,Chem 234,Winter,M3,1
DFC,Chem 243,Winter,M1,1
DFC,Chem 444,Winter,M3,1
