Dept,Course Lookup,Contact,Semester,Period,Sections,Max
DFAN,AeroEngr 456,2,Fall,M1,1,24
DFAN,AeroEngr 456,2,Winter,M1,1,24
DFAN,AeroEngr 481,2,Fall,M1,1,24
DFAN,AeroEngr 481,2,Fall,T1,1,24
DFAN,AeroEngr 315,1,Fall,M1,2,24
DFAN,AeroEngr 315,1,Winter,M1,2,24
DFAN,AeroEngr 315,1,Spring,M1,1,24
DFAN,AeroEngr 315,1,Fall,M2,2,24
DFAN,AeroEngr 315,1,Winter,M2,2,24
DFAN,AeroEngr 315,1,Spring,M2,2,24
DFAN,AeroEngr 315,1,Fall,M3,2,24
DFAN,AeroEngr 315,1,Winter,M3,2,24
DFAN,AeroEngr 315,1,Spring,M3,2,24
DFAN,AeroEngr 315,1,Fall,M4,1,24
DFAN,AeroEngr 315,1,Winter,M4,2,24
DFAN,AeroEngr 315,1,Spring,M4,2,24
DFAN,AeroEngr 315,1,Fall,T1,2,24
DFAN,AeroEngr 315,1,Winter,T1,1,24
DFAN,AeroEngr 315,1,Spring,T1,2,24
DFAN,AeroEngr 315,1,Fall,T2,2,24
DFAN,AeroEngr 315,1,Winter,T2,2,24
DFAN,AeroEngr 315,1,Spring,T2,1,24
DFAN,AeroEngr 315,1,Fall,T3,2,24
DFAN,AeroEngr 315,1,Winter,T3,1,24
DFAN,AeroEngr 315,1,Spring,T3,2,24
DFAN,AeroEngr 315,1,Fall,T4,1,24
DFAN,AeroEngr 315,1,Winter,T4,2,24
DFAN,AeroEngr 315,1,Spring,T4,2,24
DFAN,AeroEngr 471,2,Winter,M1,1,24
DFAN,AeroEngr 471,2,Fall,T1,1,24
DFAN,AeroEngr 342,2,Winter,M1,1,24
DFAN,AeroEngr 342,2,Winter,T3,1,24
DFAN,AeroEngr 351,1,Winter,M1,1,24
DFAN,AeroEngr 351,1,Winter,M3,1,24
DFAN,AeroEngr 351,1,Winter,T1,1,24
DFAN,AeroEngr 241,1,Spring,M1,1,24
DFAN,AeroEngr 241,1,Spring,M2,1,24
DFAN,AeroEngr 241,1,Spring,M3,1,24
DFAN,AeroEngr 241,1,Spring,T1,1,24
DFAN,AeroEngr 241,1,Spring,T2,1,24
DFAN,AeroEngr 241,1,Spring,T3,1,24
DFAN,AeroEngr 341,1,Fall,M2,1,24
DFAN,AeroEngr 341,1,Fall,M3,1,24
DFAN,AeroEngr 352,1,Winter,M2,1,24
DFAN,AeroEngr 352,1,Winter,M3,1,24
DFAN,AeroEngr 352,1,Winter,T4,1,24
DFAN,AeroEngr 495,1,Spring,M2,1,24
DFAN,AeroEngr 495,1,Spring,M3,1,24
DFAN,AeroEngr 361,1,Spring,M2,1,24
DFAN,AeroEngr 361,1,Spring,M3,1,24
DFAN,AeroEngr 361,1,Spring,T3,1,24
DFAN,AeroEngr 457,1,Fall,M3,1,24
DFAN,AeroEngr 210,1,Fall,M3,1,24
DFAN,AeroEngr 210,1,Fall,T2,1,24
DFAN,AeroEngr 210,1,Winter,T2,1,24
DFAN,AeroEngr 210,1,Fall,T3,1,24
DFAN,AeroEngr 210,1,Winter,T3,1,24
DFAN,AeroEngr 446,1,Winter,M3,1,24
DFAN,AeroEngr 482,2,Spring,M3,1,24
DFAN,AeroEngr 482,2,Spring,T1,1,24
DFAN,AeroEngr 483,2,Winter,T1,1,24
DFAN,AeroEngr 315S,1,Fall,T2,1,24
DFAN,SysEngr 491A,1,Fall,T2,1,999
DFAN,AeroEngr 442,1,Fall,T2,1,24
DFAN,AeroEngr 442,1,Fall,T3,1,24
DFAN,AeroEngr 436,1,Winter,T2,1,24
DFAN,AeroEngr 466,1,Fall,T3,1,24
DFAS,Space 252,2xx,Fall,M1,1,999
DFAS,Space 252,2xx,Winter,M1,1,999
DFAS,AstroEngr 436,2,Fall,M1,1,35
DFAS,Space 350,2,Fall,M1,1,24
DFAS,Space 350,2,Winter,M3,1,24
DFAS,Space 473,2,Fall,M1,1,999
DFAS,Space 473,2,Winter,T3,1,999
DFAS,AstroEngr 310,1,Fall,M1,2,24
DFAS,AstroEngr 310,1,Winter,M1,2,24
DFAS,AstroEngr 310,1,Spring,M1,2,24
DFAS,AstroEngr 310,1,Fall,M2,2,24
DFAS,AstroEngr 310,1,Winter,M2,2,24
DFAS,AstroEngr 310,1,Spring,M2,2,24
DFAS,AstroEngr 310,1,Fall,M3,2,24
DFAS,AstroEngr 310,1,Winter,M3,2,24
DFAS,AstroEngr 310,1,Spring,M3,2,24
DFAS,AstroEngr 310,1,Fall,M4,1,24
DFAS,AstroEngr 310,1,Winter,M4,1,24
DFAS,AstroEngr 310,1,Spring,M4,1,24
DFAS,AstroEngr 310,1,Fall,T1,2,24
DFAS,AstroEngr 310,1,Winter,T1,2,24
DFAS,AstroEngr 310,1,Spring,T1,2,24
DFAS,AstroEngr 310,1,Fall,T2,2,24
DFAS,AstroEngr 310,1,Winter,T2,2,24
DFAS,AstroEngr 310,1,Spring,T2,2,24
DFAS,AstroEngr 310,1,Fall,T3,2,24
DFAS,AstroEngr 310,1,Winter,T3,2,24
DFAS,AstroEngr 310,1,Spring,T3,2,24
DFAS,AstroEngr 310,1,Fall,T4,2,24
DFAS,AstroEngr 310,1,Winter,T4,1,24
DFAS,AstroEngr 310,1,Spring,T4,1,24
DFAS,Space 251,2xx,Winter,M1,1,999
DFAS,Space 251,2xx,Spring,T1,1,999
DFAS,Space 251,2xx,Fall,T3,1,999
DFAS,Space 472,2,Winter,M1,1,999
DFAS,Space 472,2,Spring,M3,1,999
DFAS,Space 472,2,Fall,T3,1,999
DFAS,AstroEngr 331,2,Winter,M1,1,24
DFAS,AstroEngr 331,2,Spring,T1,1,24
DFAS,AstroEngr 331,2,Winter,T3,1,24
DFAS,AstroEngr 437,2,Winter,M1,1,35
DFAS,AstroEngr 437,2,Winter,T1,1,35
DFAS,Engr 342,2,Spring,M1,1,24
DFAS,Engr 342,2,Spring,T3,1,24
DFAS,Engr 341,1,Fall,M2,1,24
DFAS,Engr 341,1,Fall,M3,1,24
DFAS,Engr 341,1,Fall,T1,1,24
DFAS,AstroEngr 351,1,Winter,M2,1,24
DFAS,AstroEngr 351,1,Spring,M2,1,24
DFAS,AstroEngr 351,1,Spring,M3,1,24
DFAS,AstroEngr 321,1,Spring,M2,1,24
DFAS,AstroEngr 321,1,Winter,T2,1,24
DFAS,AstroEngr 495,1,Spring,M2,1,24
DFAS,AstroEngr 495,1,Fall,M3,1,24
DFAS,AstroEngr 495,1,Spring,M3,1,24
DFAS,AstroEngr 445,1,Fall,M3,1,24
DFAS,AstroEngr 445,1,Winter,T3,1,24
DFAS,AstroEngr 201,1,Fall,T2,1,24
DFAS,AstroEngr 201,1,Winter,T3,1,24
DFAS,AstroEngr 310SO,1,Fall,T2,1,24
DFAS,AstroEngr 310SO,1,Fall,T3,1,24
DFAS,Engr 443,1,Fall,T3,1,24
DFAS,SysEngr 491B,1,Fall,T3,1,999
DFAS,AstroEngr 335,1,Winter,T3,1,24
DFAS,AstroEngr 422,1,Winter,T3,1,24
DFB,Biology 481,2,Fall,M1,1,24
DFB,Biology 330,2,Fall,M1,1,24
DFB,Biology 330,2,Winter,M1,1,24
DFB,Biology 330,2,Winter,M3,1,24
DFB,Biology 330,2,Fall,T1,1,24
DFB,Biology 330,2,Winter,T1,1,24
DFB,Biology 363,2,Fall,M1,1,24
DFB,Biology 363,2,Spring,M1,1,24
DFB,Biology 363,2,Spring,M3,1,24
DFB,Biology 363,2,Fall,T3,1,24
DFB,Biology 410,2,Fall,M1,1,24
DFB,Biology 410,2,Fall,M3,1,24
DFB,Biology 410,2,Fall,T3,1,24
DFB,Biology 215,2,Fall,M1,4,24
DFB,Biology 215,2,Winter,M1,4,24
DFB,Biology 215,2,Spring,M1,4,24
DFB,Biology 215,2,Fall,M3,4,24
DFB,Biology 215,2,Winter,M3,3,24
DFB,Biology 215,2,Spring,M3,4,24
DFB,Biology 215,2,Fall,T1,4,24
DFB,Biology 215,2,Winter,T1,4,24
DFB,Biology 215,2,Spring,T1,4,24
DFB,Biology 215,2,Fall,T3,4,24
DFB,Biology 215,2,Winter,T3,4,24
DFB,Biology 215,2,Spring,T3,3,24
DFB,Biology 440,2,Winter,M1,1,24
DFB,Biology 440,2,Winter,T1,1,24
DFB,Biology 440,2,Winter,T3,1,24
DFB,Biology 331,2,Spring,M1,1,24
DFB,Biology 331,2,Spring,M3,1,24
DFB,Biology 331,2,Spring,T1,1,24
DFB,Biology 380,1,Spring,M1,1,24
DFB,Biology 380,1,Winter,M2,1,24
DFB,Biology 380,1,Spring,M2,1,24
DFB,Biology 380,1,Winter,M3,1,24
DFB,Biology 380,1,Spring,M4,1,24
DFB,Biology 380,1,Winter,T3,1,24
DFB,Biology 345,1,Fall,M2,1,24
DFB,Biology 345,1,Fall,M3,1,24
DFB,Biology 459,1,Fall,M2,1,24
DFB,Biology 459,1,Spring,M2,1,24
DFB,Biology 459,1,Fall,M3,1,24
DFB,Biology 459,1,Spring,M3,1,24
DFB,Biology 332,1,Winter,M2,1,24
DFB,Biology 332,1,Winter,M3,1,24
DFB,Biology 332,1,Fall,T2,1,24
DFB,Biology 332,1,Fall,T3,1,24
DFB,Biology 480,1,Winter,M2,1,24
DFB,Biology 480,1,Winter,M3,1,24
DFB,Biology 480,1,Spring,T3,1,24
DFB,Biology 370,1,Winter,M3,1,35
DFB,Biology 370,1,Winter,T2,1,35
DFB,Biology 370,1,Winter,T4,1,35
DFB,Biology 360,1,Fall,T2,1,24
DFB,Biology 360,1,Spring,T2,1,24
DFB,Biology 360,1,Fall,T3,1,24
DFB,Biology 495,1,Winter,T2,1,24
DFB,Biology 495,1,Spring,T3,1,24
DFB,Biology 320,1,Winter,T2,1,24
DFB,Biology 320,1,Winter,T3,1,24
DFBL,BehSci 330,1,Fall,M1,1,24
DFBL,BehSci 330,1,Fall,T2,1,24
DFBL,BehSci 330,1,Fall,T4,1,24
DFBL,BehSci 355,1,Fall,M1,1,24
DFBL,BehSci 355,1,Fall,M3,1,24
DFBL,BehSci 355,1,Fall,T2,1,24
DFBL,BehSci 110,1,Fall,M1,3,24
DFBL,BehSci 110,1,Winter,M1,2,24
DFBL,BehSci 110,1,Spring,M1,2,24
DFBL,BehSci 110,1,Fall,M2,2,24
DFBL,BehSci 110,1,Winter,M2,2,24
DFBL,BehSci 110,1,Spring,M2,2,24
DFBL,BehSci 110,1,Fall,M3,2,24
DFBL,BehSci 110,1,Winter,M3,2,24
DFBL,BehSci 110,1,Spring,M3,2,24
DFBL,BehSci 110,1,Fall,M4,2,24
DFBL,BehSci 110,1,Winter,M4,2,24
DFBL,BehSci 110,1,Spring,M4,2,24
DFBL,BehSci 110,1,Fall,T1,3,24
DFBL,BehSci 110,1,Winter,T1,2,24
DFBL,BehSci 110,1,Spring,T1,2,24
DFBL,BehSci 110,1,Fall,T2,2,24
DFBL,BehSci 110,1,Winter,T2,2,24
DFBL,BehSci 110,1,Spring,T2,2,24
DFBL,BehSci 110,1,Fall,T3,2,24
DFBL,BehSci 110,1,Winter,T3,2,24
DFBL,BehSci 110,1,Spring,T3,2,24
DFBL,BehSci 110,1,Fall,T4,2,24
DFBL,BehSci 110,1,Winter,T4,2,24
DFBL,BehSci 110,1,Spring,T4,2,24
DFBL,BehSci 373,1,Winter,M1,1,24
DFBL,BehSci 373,1,Winter,T1,1,24
DFBL,BehSci 373,1,Winter,T2,1,24
DFBL,BehSci 373,1,Spring,T2,1,24
DFBL,BehSci 373,1,Spring,T3,1,24
DFBL,BehSci 380,1,Winter,M1,1,24
DFBL,BehSci 380,1,Winter,T2,1,24
DFBL,BehSci 380,1,Winter,T3,1,24
DFBL,BehSci 335,2,Spring,M1,1,24
DFBL,BehSci 335,2,Fall,T1,1,24
DFBL,BehSci 335,2,Spring,T1,1,24
DFBL,BehSci 335,2,Spring,T3,1,24
DFBL,BehSci 440,1,Spring,M1,1,24
DFBL,BehSci 440,1,Spring,T1,1,24
DFBL,BehSci 440,1,Spring,T3,1,24
DFBL,BehSci 231,1,Spring,M1,1,24
DFBL,BehSci 231,1,Spring,M2,1,24
DFBL,BehSci 231,1,Spring,T1,1,24
DFBL,BehSci 231,1,Spring,T2,1,24
DFBL,BehSci 410,1,Winter,M2,1,24
DFBL,SysEngr 470,1,Winter,M2,1,24
DFBL,SysEngr 470,1,Winter,M3,1,24
DFBL,BehSci 364,1,Winter,M2,1,24
DFBL,BehSci 364,1,Winter,M3,1,24
DFBL,BehSci 364,1,Winter,T4,1,24
DFBL,BehSci 375,1,Winter,M2,1,24
DFBL,BehSci 375,1,Winter,T2,1,24
DFBL,BehSci 375,1,Winter,T3,1,24
DFBL,BehSci 360,1,Winter,M2,1,24
DFBL,BehSci 360,1,Spring,M2,1,24
DFBL,BehSci 360,1,Spring,M3,1,24
DFBL,BehSci 360,1,Winter,T1,1,24
DFBL,BehSci 360,1,Winter,T2,1,24
DFBL,BehSci 360,1,Winter,T3,1,24
DFBL,BehSci 390,1,Spring,M2,1,24
DFBL,BehSci 390,1,Spring,M3,1,24
DFBL,BehSci 332,1,Fall,M3,1,24
DFBL,BehSci 332,1,Fall,T1,1,24
DFBL,BehSci 332,1,Fall,T3,1,24
DFBL,BehSci 332,1,Fall,T4,1,24
DFBL,BehSci 498,1,Winter,M3,1,999
DFBL,BehSci 352,1,Winter,M3,1,24
DFBL,BehSci 352,1,Winter,T1,1,24
DFBL,BehSci 352,1,Winter,T2,1,24
DFBL,BehSci 495,1,Spring,M3,1,24
DFBL,BehSci 358,1,Winter,M4,1,24
DFBL,BehSci 358,1,Winter,T1,1,24
DFBL,BehSci 358,1,Winter,T2,1,24
DFBL,BehSci 358,1,Winter,T3,1,24
DFBL,BehSci 473,1,Spring,T1,1,24
DFBL,BehSci 473,1,Spring,T2,1,24
DFBL,BehSci 473,1,Spring,T4,1,24
DFBL,BehSci 497,1,Fall,T2,1,999
DFBL,BehSci 497T3,1,Fall,T2,1,999
DFBL,BehSci 471,1,Fall,T2,1,35
DFBL,BehSci 471,1,Fall,T3,1,35
DFBL,BehSci 310,1,Winter,T2,1,24
DFBL,BehSci 377,1,Winter,T2,1,24
DFBL,BehSci 377,1,Winter,T3,1,24
DFBL,SysEngr 491BL,1,Fall,T3,1,999
DFC,Chem 222,2,Fall,M1,1,24
DFC,Chem 222,2,Winter,T3,1,24
DFC,Chem 200,2,Fall,M1,3,26
DFC,Chem 200,2,Winter,M1,3,26
DFC,Chem 200,2,Spring,M1,3,26
DFC,Chem 200,2,Fall,M3,2,26
DFC,Chem 200,2,Winter,M3,2,26
DFC,Chem 200,2,Spring,M3,2,26
DFC,Chem 200,2,Fall,T1,3,26
DFC,Chem 200,2,Winter,T1,3,26
DFC,Chem 200,2,Spring,T1,3,26
DFC,Chem 200,2,Fall,T3,3,26
DFC,Chem 200,2,Winter,T3,3,26
DFC,Chem 200,2,Spring,T3,3,26
DFC,Chem 100,2,Fall,M1,4,26
DFC,Chem 100,2,Winter,M1,4,26
DFC,Chem 100,2,Spring,M1,4,26
DFC,Chem 100,2,Fall,M3,4,26
DFC,Chem 100,2,Winter,M3,3,26
DFC,Chem 100,2,Spring,M3,4,26
DFC,Chem 100,2,Fall,T1,4,26
DFC,Chem 100,2,Winter,T1,4,26
DFC,Chem 100,2,Spring,T1,4,26
DFC,Chem 100,2,Fall,T3,4,26
DFC,Chem 100,2,Winter,T3,4,26
DFC,Chem 100,2,Spring,T3,3,26
DFC,Chem 344,2,Winter,M1,1,24
DFC,Chem 243,2,Winter,M1,1,24
DFC,Chem 243,2,Winter,T1,1,24
DFC,Chem 444,2,Spring,M1,1,24
DFC,Chem 445,2,Spring,M1,1,24
DFC,Chem 230,1,Spring,M1,1,24
DFC,Chem 230,1,Spring,M3,1,24
DFC,Chem 230,1,Spring,T2,1,24
DFC,Chem 234,1,Fall,M2,1,24
DFC,Chem 234,1,Spring,M2,1,24
DFC,Chem 234,1,Winter,M3,1,24
DFC,Chem 233,1,Fall,M2,1,30
DFC,Chem 233,1,Winter,M2,1,30
DFC,Chem 233,1,Fall,M3,1,30
DFC,Chem 233,1,Spring,T3,1,30
DFC,Chem 336,1,Spring,M2,1,24
DFC,Chem 434,1,Spring,M2,1,24
DFC,Chem 325,1,Fall,M3,1,24
DFC,Chem 431,1,Fall,M3,1,24
DFC,Chem 350,1,Winter,M3,1,24
DFC,Chem 491,2,Fall,T1,1,24
DFC,Chem 465,2,Spring,T1,1,24
DFC,Chem 481,1,Spring,T2,1,35
DFC,Chem 335,1,Winter,T3,1,24
DFC,Chem 482,1,Winter,T3,1,35
DFCE,CivEngr 390,2,Winter,M1,1,24
DFCE,CivEngr 390,2,Spring,M1,1,24
DFCE,CivEngr 390,2,Spring,M3,1,24
DFCE,CivEngr 463,2,Winter,M1,1,24
DFCE,CivEngr 486,1x,Fall,M2,1,48
DFCE,CivEngr 486,1x,Winter,M3,1,48
DFCE,CivEngr 362,1,Fall,M2,1,24
DFCE,CivEngr 362,1,Spring,M2,1,24
DFCE,CivEngr 362,1,Spring,M3,1,24
DFCE,CivEngr 485,1,Fall,M2,1,24
DFCE,CivEngr 461,1,Fall,M2,1,24
DFCE,CivEngr 461,1,Fall,M3,1,24
DFCE,CivEngr 215,1,Winter,M2,1,24
DFCE,CivEngr 215,1,Fall,T3,1,24
DFCE,CivEngr 361,1,Winter,M2,1,24
DFCE,CivEngr 361,1,Fall,T2,1,24
DFCE,CivEngr 361,1,Fall,T3,1,24
DFCE,CivEngr 491,1,Winter,M2,1,24
DFCE,CivEngr 372,1,Winter,M2,1,24
DFCE,CivEngr 372,1,Winter,M3,1,24
DFCE,Engr 402,1,Winter,M2,1,24
DFCE,Engr 402,1,Winter,M3,1,24
DFCE,Engr 402,1,Winter,T1,1,24
DFCE,Engr 402,1,Winter,T2,1,24
DFCE,CivEngr 356,1,Spring,M2,1,24
DFCE,CivEngr 356,1,Fall,T2,1,24
DFCE,CivEngr 480,1,Spring,M2,1,24
DFCE,CivEngr 480,1,Spring,M3,1,24
DFCE,CivEngr 330,1,Fall,M3,1,24
DFCE,CivEngr 330,1,Winter,T2,1,24
DFCE,CivEngr 330,1,Winter,T3,1,24
DFCE,CivEngr 474,1,Fall,M3,1,24
DFCE,CivEngr 373,1,Winter,M3,1,24
DFCE,CivEngr 495,1,Spring,M3,1,24
DFCE,CivEngr 464,2,Winter,T1,1,24
DFCE,CivEngr 464,2,Fall,T3,1,24
DFCE,CivEngr 473,2,Winter,T1,1,24
DFCE,CivEngr 351,1,Fall,T2,1,24
DFCE,CivEngr 351,1,Fall,T3,1,24
DFCE,CivEngr 488,1,Spring,T2,1,24
DFCE,CivEngr 488,1,Spring,T3,1,24
DFCE,CivEngr 405,1,Winter,T3,1,999
DFCE,CivEngr 492,1,Spring,T3,1,24
DFCS,CompSci 453,2,Fall,M1,1,999
DFCS,CompSci 110,1,Fall,M1,2,26
DFCS,CompSci 110,1,Winter,M1,2,26
DFCS,CompSci 110,1,Spring,M1,2,26
DFCS,CompSci 110,1,Fall,M2,2,26
DFCS,CompSci 110,1,Winter,M2,2,26
DFCS,CompSci 110,1,Spring,M2,2,26
DFCS,CompSci 110,1,Fall,M3,2,26
DFCS,CompSci 110,1,Winter,M3,2,26
DFCS,CompSci 110,1,Spring,M3,2,26
DFCS,CompSci 110,1,Fall,M4,2,26
DFCS,CompSci 110,1,Winter,M4,2,26
DFCS,CompSci 110,1,Spring,M4,1,26
DFCS,CompSci 110,1,Fall,T1,2,26
DFCS,CompSci 110,1,Winter,T1,2,26
DFCS,CompSci 110,1,Spring,T1,2,26
DFCS,CompSci 110,1,Fall,T2,2,26
DFCS,CompSci 110,1,Winter,T2,2,26
DFCS,CompSci 110,1,Spring,T2,2,26
DFCS,CompSci 110,1,Fall,T3,2,26
DFCS,CompSci 110,1,Winter,T3,2,26
DFCS,CompSci 110,1,Spring,T3,2,26
DFCS,CompSci 110,1,Fall,T4,2,26
DFCS,CompSci 110,1,Winter,T4,1,26
DFCS,CompSci 110,1,Spring,T4,2,26
DFCS,CompSci 211,2,Winter,M1,1,24
DFCS,CompSci 211,2,Spring,M1,1,24
DFCS,CompSci 211,2,Winter,M3,1,24
DFCS,CompSci 211,2,Spring,T1,1,24
DFCS,CompSci 211,2,Spring,T3,1,24
DFCS,CompSci 210,2,Winter,M1,1,24
DFCS,CompSci 210,2,Winter,M3,1,24
DFCS,CompSci 210,2,Winter,T1,1,24
DFCS,CompSci 210,2,Winter,T3,1,24
DFCS,CompSci 220,1,Spring,M1,1,24
DFCS,CompSci 220,1,Spring,M3,1,24
DFCS,CompSci 220,1,Spring,T3,1,24
DFCS,CompSci 206,1x,Fall,M2,1,48
DFCS,CompSci 206,1x,Winter,M3,1,48
DFCS,CompSci 330,1,Fall,M2,1,24
DFCS,CompSci 330,1,Fall,M3,1,24
DFCS,CompSci 471,1,Fall,M2,1,24
DFCS,CompSci 471,1,Fall,M3,1,24
DFCS,CompSci 351,1,Winter,M2,1,24
DFCS,CompSci 351,1,Winter,M3,1,24
DFCS,CompSci 362,1,Winter,M2,1,24
DFCS,CompSci 362,1,Winter,M3,1,24
DFCS,CompSci 385,1,Spring,M2,1,24
DFCS,CompSci 431,1,Spring,M2,1,24
DFCS,CompSci 467,1,Spring,M2,1,24
DFCS,CompSci 467,1,Spring,M3,1,24
DFCS,CompSci 483,1,Spring,M2,1,24
DFCS,CompSci 483,1,Spring,M3,1,24
DFCS,CompSci 495,1,Spring,M2,1,24
DFCS,CompSci 495,1,Spring,M3,1,24
DFCS,CompSci 495,1,Winter,T2,1,24
DFCS,CompSci 350,1,Fall,M3,1,24
DFCS,SysEngr 491C,1,Fall,M3,1,999
DFCS,CompSci 212,2,Winter,M3,1,24
DFCS,CompSci 212,2,Winter,T1,1,24
DFCS,CompSci 438,2,Fall,T1,1,999
DFCS,Cyber 350,2,Winter,T1,1,24
DFCS,CompSci 454,2,Winter,T1,1,999
DFCS,OpsRsch 417,1,Fall,T2,1,24
DFCS,CompSci 426,1,Fall,T2,1,24
DFCS,CompSci 426,1,Fall,T3,1,24
DFCS,CompSci 364,1,Spring,T2,1,24
DFCS,CompSci 364,1,Spring,T3,1,24
DFCS,CompSci 380,1,Spring,T2,1,24
DFCS,CompSci 380,1,Spring,T3,1,24
DFCS,CompSci 439,2,Winter,T3,1,999
DFEC,ECE 463,2,Fall,M1,1,24
DFEC,ECE 315,1,Fall,M1,2,26
DFEC,ECE 315,1,Winter,M1,2,26
DFEC,ECE 315,1,Spring,M1,2,26
DFEC,ECE 315,1,Fall,M2,1,26
DFEC,ECE 315,1,Winter,M2,1,26
DFEC,ECE 315,1,Spring,M2,2,26
DFEC,ECE 315,1,Fall,M3,1,26
DFEC,ECE 315,1,Winter,M3,2,26
DFEC,ECE 315,1,Spring,M3,2,26
DFEC,ECE 315,1,Fall,M4,2,26
DFEC,ECE 315,1,Winter,M4,1,26
DFEC,ECE 315,1,Spring,M4,1,26
DFEC,ECE 315,1,Fall,T1,2,26
DFEC,ECE 315,1,Winter,T1,1,26
DFEC,ECE 315,1,Spring,T1,1,26
DFEC,ECE 315,1,Fall,T2,1,26
DFEC,ECE 315,1,Winter,T2,1,26
DFEC,ECE 315,1,Spring,T2,2,26
DFEC,ECE 315,1,Fall,T3,2,26
DFEC,ECE 315,1,Winter,T3,2,26
DFEC,ECE 315,1,Spring,T3,1,26
DFEC,ECE 315,1,Fall,T4,2,26
DFEC,ECE 315,1,Winter,T4,2,26
DFEC,ECE 315,1,Spring,T4,1,26
DFEC,ECE 322,2,Spring,M1,1,24
DFEC,ECE 210,1,Fall,M2,1,24
DFEC,ECE 210,1,Winter,M2,1,24
DFEC,ECE 210,1,Fall,M3,1,24
DFEC,ECE 210,1,Winter,M3,1,24
DFEC,ECE 448,1,Winter,M2,1,24
DFEC,ECE 281,1,Winter,M2,1,24
DFEC,ECE 281,1,Winter,M3,1,24
DFEC,ECE 311,1,Winter,M2,1,24
DFEC,ECE 311,1,Winter,M3,1,24
DFEC,ECE 311,1,Fall,T3,1,24
DFEC,ECE 348,1,Spring,M2,1,24
DFEC,ECE 434,1,Spring,M2,1,24
DFEC,ECE 447,1,Fall,M3,1,24
DFEC,ECE 382,1,Winter,M3,1,24
DFEC,ECE 332,1,Winter,M3,1,24
DFEC,ECE 332,1,Spring,M3,1,24
DFEC,ECE 332,1,Fall,T2,1,24
DFEC,ECE 333,1,Spring,M3,1,24
DFEC,ECE 383,2,Spring,T1,1,24
DFEC,ECE 495,1,Fall,T2,1,24
DFEC,ECE 423,1,Winter,T2,1,24
DFEC,ECE 343,1,Spring,T2,1,24
DFEC,ECE 321,2,Fall,T3,1,24
DFEC,SysEngr 491E,1,Fall,T3,1,999
DFEC,ECE 464,2,Winter,T3,1,24
DFEC,ECE 485,1,Spring,T3,1,24
DFEG,Econ 333,1,Fall,M1,1,24
DFEG,Econ 333,1,Fall,M2,1,24
DFEG,Econ 333,1,Fall,T1,1,24
DFEG,Geo 310,1,Fall,M1,1,24
DFEG,Geo 310,1,Fall,M2,1,24
DFEG,Geo 310,1,Winter,M2,1,24
DFEG,Geo 310,1,Winter,M3,1,24
DFEG,Geo 310,1,Fall,M4,1,24
DFEG,Geo 310,1,Winter,M4,1,24
DFEG,Geo 310,1,Fall,T1,1,24
DFEG,Geo 310,1,Winter,T1,1,24
DFEG,Geo 310,1,Fall,T2,1,24
DFEG,Geo 310,1,Winter,T3,1,24
DFEG,Econ 201,1,Fall,M1,2,24
DFEG,Econ 201,1,Winter,M1,2,24
DFEG,Econ 201,1,Spring,M1,2,24
DFEG,Econ 201,1,Fall,M2,2,24
DFEG,Econ 201,1,Winter,M2,2,24
DFEG,Econ 201,1,Spring,M2,2,24
DFEG,Econ 201,1,Fall,M3,2,24
DFEG,Econ 201,1,Winter,M3,1,24
DFEG,Econ 201,1,Spring,M3,2,24
DFEG,Econ 201,1,Fall,M4,1,24
DFEG,Econ 201,1,Winter,M4,2,24
DFEG,Econ 201,1,Spring,M4,1,24
DFEG,Econ 201,1,Fall,T1,2,24
DFEG,Econ 201,1,Winter,T1,2,24
DFEG,Econ 201,1,Spring,T1,2,24
DFEG,Econ 201,1,Fall,T2,2,24
DFEG,Econ 201,1,Winter,T2,1,24
DFEG,Econ 201,1,Spring,T2,2,24
DFEG,Econ 201,1,Fall,T3,2,24
DFEG,Econ 201,1,Winter,T3,1,24
DFEG,Econ 201,1,Spring,T3,1,24
DFEG,Econ 201,1,Fall,T4,2,24
DFEG,Econ 201,1,Winter,T4,2,24
DFEG,Econ 201,1,Spring,T4,1,24
DFEG,Geo 250,1,Winter,M1,1,24
DFEG,Geo 250,1,Winter,M2,1,24
DFEG,Geo 250,1,Winter,T1,1,24
DFEG,Geo 250,1,Winter,T2,1,24
DFEG,Geo 250,1,Winter,T3,1,24
DFEG,Geo 250,1,Winter,T4,1,24
DFEG,Geo 482,2,Spring,M1,1,24
DFEG,Geo 482,2,Spring,T1,1,24
DFEG,Econ 465,1,Spring,M1,1,24
DFEG,Econ 465,1,Winter,M2,1,24
DFEG,Econ 465,1,Spring,M3,1,24
DFEG,Econ 465,1,Spring,T2,1,24
DFEG,Econ 465,1,Spring,T3,1,24
DFEG,Econ 365,1,Spring,M1,1,24
DFEG,Econ 365,1,Spring,M2,1,24
DFEG,Econ 365,1,Spring,T2,1,24
DFEG,Econ 365,1,Spring,T3,1,24
DFEG,Econ 365,1,Spring,T4,1,24
DFEG,Econ 473,1,Fall,M2,1,24
DFEG,Geo 370,1,Fall,M2,1,24
DFEG,Geo 370,1,Fall,M3,1,24
DFEG,Geo 410,1,Fall,M2,1,24
DFEG,Geo 410,1,Fall,M3,1,24
DFEG,Econ 454,1,Winter,M2,1,24
DFEG,Meteor 440,1,Winter,M2,1,24
DFEG,Econ 374,1,Winter,M2,1,24
DFEG,Econ 374,1,Winter,M3,1,24
DFEG,Geo 495,1,Winter,M2,1,24
DFEG,Geo 495,1,Winter,M3,1,24
DFEG,Econ 332,1,Winter,M2,1,24
DFEG,Econ 332,1,Winter,M4,1,24
DFEG,Econ 332,1,Winter,T3,1,24
DFEG,Econ 440,1,Winter,M2,1,24
DFEG,Econ 440,1,Winter,T1,1,24
DFEG,Econ 440,1,Winter,T2,1,24
DFEG,Econ 440,1,Winter,T3,1,24
DFEG,Econ 423,1,Spring,M2,1,60
DFEG,Econ 423,1,Spring,M3,1,60
DFEG,Geo 340,1,Spring,M2,1,24
DFEG,Geo 340,1,Spring,M3,1,24
DFEG,Econ 356,1,Spring,M2,1,24
DFEG,Econ 356,1,Spring,T2,1,24
DFEG,Econ 356,1,Spring,T3,1,24
DFEG,Econ 480,1,Spring,M2,1,24
DFEG,Econ 480,1,Spring,M3,1,24
DFEG,Econ 480,1,Spring,T2,1,24
DFEG,Meteor 325,1,Fall,M3,1,24
DFEG,Econ 476,1,Winter,M3,1,24
DFEG,Geo 498,2,Spring,M3,1,24
DFEG,Geo 498,2,Spring,T3,1,24
DFEG,Meteor 370,1,Spring,M3,1,24
DFEG,Econ 450,1,Fall,M4,1,24
DFEG,Econ 450,1,Fall,T2,1,24
DFEG,Econ 450,1,Fall,T3,1,24
DFEG,Meteor 490,2,Spring,T1,1,24
DFEG,Geo 351,1,Fall,T2,1,60
DFEG,Meteor 451,1,Fall,T2,1,24
DFEG,Econ 201S,1,Fall,T2,1,24
DFEG,Econ 201S,1,Fall,T3,1,24
DFEG,Econ 411,1,Fall,T2,1,24
DFEG,Econ 411,1,Fall,T3,1,24
DFEG,OpsRsch 331,1,Fall,T2,1,24
DFEG,OpsRsch 331,1,Fall,T3,1,24
DFEG,Econ 355,1,Fall,T2,1,24
DFEG,Econ 355,1,Winter,T2,1,24
DFEG,Econ 355,1,Spring,T2,1,24
DFEG,Econ 355,1,Fall,T3,1,24
DFEG,Econ 355,1,Winter,T3,1,24
DFEG,Econ 355,1,Spring,T3,1,24
DFEG,Econ 422,1,Winter,T2,1,24
DFEG,Econ 377,1,Winter,T2,1,24
DFEG,Econ 377,1,Winter,T3,1,24
DFEG,Geo 382,1,Winter,T2,1,24
DFEG,Geo 382,1,Winter,T3,1,24
DFEG,Meteor 352,1,Winter,T2,1,24
DFEG,Meteor 352,1,Winter,T3,1,24
DFEG,Geo 353,1,Spring,T2,1,24
DFEG,Geo 353,1,Spring,T3,1,24
DFEG,Econ 351,1,Winter,T3,1,24
DFEG,Econ 475,1,Winter,T3,1,24
DFEG,Meteor 452,1,Spring,T3,1,24
DFEM,EngrMech 440,2,Fall,M1,1,24
DFEM,SysEngr 310,2,Fall,M1,1,24
DFEM,SysEngr 310,2,Winter,M1,1,24
DFEM,SysEngr 310,2,Fall,T1,1,24
DFEM,SysEngr 310,2,Winter,T1,1,24
DFEM,EngrMech 220,1,Fall,M1,2,24
DFEM,EngrMech 220,1,Winter,M1,2,24
DFEM,EngrMech 220,1,Spring,M1,2,24
DFEM,EngrMech 220,1,Fall,M2,2,24
DFEM,EngrMech 220,1,Winter,M2,2,24
DFEM,EngrMech 220,1,Spring,M2,2,24
DFEM,EngrMech 220,1,Fall,M3,2,24
DFEM,EngrMech 220,1,Winter,M3,2,24
DFEM,EngrMech 220,1,Spring,M3,2,24
DFEM,EngrMech 220,1,Fall,M4,2,24
DFEM,EngrMech 220,1,Winter,M4,2,24
DFEM,EngrMech 220,1,Spring,M4,1,24
DFEM,EngrMech 220,1,Fall,T1,2,24
DFEM,EngrMech 220,1,Winter,T1,1,24
DFEM,EngrMech 220,1,Spring,T1,2,24
DFEM,EngrMech 220,1,Fall,T2,2,24
DFEM,EngrMech 220,1,Winter,T2,2,24
DFEM,EngrMech 220,1,Spring,T2,2,24
DFEM,EngrMech 220,1,Fall,T3,3,24
DFEM,EngrMech 220,1,Winter,T3,2,24
DFEM,EngrMech 220,1,Spring,T3,2,24
DFEM,EngrMech 220,1,Fall,T4,2,24
DFEM,EngrMech 220,1,Winter,T4,2,24
DFEM,EngrMech 220,1,Spring,T4,2,24
DFEM,EngrMech 320,1,Winter,M1,1,24
DFEM,EngrMech 320,1,Fall,M3,1,24
DFEM,EngrMech 320,1,Winter,M3,1,24
DFEM,EngrMech 320,1,Fall,T2,1,24
DFEM,EngrMech 320,1,Winter,T2,1,24
DFEM,EngrMech 320,1,Fall,T3,1,24
DFEM,EngrMech 330,1,Winter,M1,1,24
DFEM,EngrMech 330,1,Winter,M2,1,24
DFEM,EngrMech 330,1,Winter,M3,1,24
DFEM,EngrMech 330,1,Winter,M4,1,24
DFEM,EngrMech 330,1,Winter,T1,1,24
DFEM,EngrMech 330,1,Spring,T2,1,24
DFEM,EngrMech 330,1,Winter,T3,1,24
DFEM,EngrMech 330,1,Spring,T3,1,24
DFEM,EngrMech 330,1,Winter,T4,1,24
DFEM,MechEngr 396,1,Fall,M2,1,24
DFEM,SysEngr 405,1,Fall,M2,1,999
DFEM,SysEngr 491H,1,Fall,M2,1,999
DFEM,MechEngr 312,1,Fall,M2,1,24
DFEM,MechEngr 312,1,Fall,M3,1,24
DFEM,EngrMech 305,1,Fall,M2,1,24
DFEM,EngrMech 305,1,Fall,M3,1,24
DFEM,EngrMech 305,1,Fall,T1,1,24
DFEM,SysEngr 402,1,Winter,M2,1,24
DFEM,EngrMech 332,1,Spring,M2,1,24
DFEM,EngrMech 332,1,Spring,M3,1,24
DFEM,EngrMech 332,1,Winter,T3,1,24
DFEM,EngrMech 340,1,Spring,M2,1,24
DFEM,EngrMech 340,1,Spring,M3,1,24
DFEM,MechEngr 341,1,Spring,M2,1,24
DFEM,MechEngr 341,1,Spring,M3,1,24
DFEM,MechEngr 370,1,Spring,M2,1,24
DFEM,MechEngr 370,1,Spring,M3,1,24
DFEM,EngrMech 450,1,Spring,M3,1,24
DFEM,MechEngr 492,2,Winter,T1,1,999
DFEM,EngrMech 460,2,Spring,T1,1,24
DFEM,MechEngr 405,1,Fall,T2,1,999
DFEM,EngrMech 350,1,Winter,T2,1,24
DFEM,MechEngr 468,1,Winter,T2,1,24
DFEM,MechEngr 406,1,Winter,T2,1,999
DFEM,SysEngr 406,1,Winter,T2,1,999
DFEM,MechEngr 325,1,Winter,T2,1,24
DFEM,MechEngr 325,1,Winter,T3,1,24
DFEM,SysEngr 320,1,Spring,T2,1,24
DFEM,MechEngr 491,2,Fall,T3,1,999
DFEM,MechEngr 490,1,Fall,T3,1,24
DFEM,SysEngr 492,1,Winter,T3,1,999
DFEM,Engr 495,1,Spring,T3,1,24
DFEM,SysEngr 495,1,Spring,T3,1,24
DFENG,English 411,1,Fall,M1,1,20
DFENG,English 411,1,Spring,M1,1,20
DFENG,English 411,1,Fall,M2,1,20
DFENG,English 411,1,Spring,M2,1,20
DFENG,English 411,1,Fall,M3,1,20
DFENG,English 411,1,Spring,M3,1,20
DFENG,English 411,1,Spring,T1,1,20
DFENG,English 411,1,Fall,T2,1,20
DFENG,English 411,1,Spring,T2,1,20
DFENG,English 411,1,Fall,T3,1,20
DFENG,English 411,1,Spring,T3,1,20
DFENG,English 411,1,Spring,T4,1,20
DFENG,English 211,1,Fall,M1,2,20
DFENG,English 211,1,Winter,M1,2,20
DFENG,English 211,1,Spring,M1,2,20
DFENG,English 211,1,Fall,M2,3,20
DFENG,English 211,1,Winter,M2,3,20
DFENG,English 211,1,Spring,M2,2,20
DFENG,English 211,1,Fall,M3,2,20
DFENG,English 211,1,Winter,M3,2,20
DFENG,English 211,1,Spring,M3,2,20
DFENG,English 211,1,Fall,M4,2,20
DFENG,English 211,1,Winter,M4,2,20
DFENG,English 211,1,Spring,M4,3,20
DFENG,English 211,1,Fall,T1,2,20
DFENG,English 211,1,Winter,T1,2,20
DFENG,English 211,1,Spring,T1,2,20
DFENG,English 211,1,Fall,T2,2,20
DFENG,English 211,1,Winter,T2,2,20
DFENG,English 211,1,Spring,T2,2,20
DFENG,English 211,1,Fall,T3,2,20
DFENG,English 211,1,Winter,T3,2,20
DFENG,English 211,1,Spring,T3,2,20
DFENG,English 211,1,Fall,T4,2,20
DFENG,English 211,1,Winter,T4,2,20
DFENG,English 211,1,Spring,T4,2,20
DFENG,English 111,1,Fall,M1,3,20
DFENG,English 111,1,Winter,M1,2,20
DFENG,English 111,1,Spring,M1,3,20
DFENG,English 111,1,Fall,M2,2,20
DFENG,English 111,1,Winter,M2,3,20
DFENG,English 111,1,Spring,M2,2,20
DFENG,English 111,1,Fall,M3,3,20
DFENG,English 111,1,Winter,M3,2,20
DFENG,English 111,1,Spring,M3,3,20
DFENG,English 111,1,Fall,M4,2,20
DFENG,English 111,1,Winter,M4,2,20
DFENG,English 111,1,Spring,M4,2,20
DFENG,English 111,1,Fall,T1,2,20
DFENG,English 111,1,Winter,T1,2,20
DFENG,English 111,1,Spring,T1,2,20
DFENG,English 111,1,Fall,T2,3,20
DFENG,English 111,1,Winter,T2,3,20
DFENG,English 111,1,Spring,T2,3,20
DFENG,English 111,1,Fall,T3,2,20
DFENG,English 111,1,Winter,T3,3,20
DFENG,English 111,1,Spring,T3,2,20
DFENG,English 111,1,Fall,T4,3,20
DFENG,English 111,1,Winter,T4,2,20
DFENG,English 111,1,Spring,T4,2,20
DFENG,English 211FR,1,Fall,M2,1,20
DFENG,English 211FR,1,Fall,M3,1,20
DFENG,English 380,1,Winter,M2,1,20
DFENG,English 495,1,Winter,M2,1,20
DFENG,English 495,1,Spring,M2,1,20
DFENG,FineArt 466,1,Winter,M2,1,24
DFENG,Hum 495,1,Winter,M2,1,24
DFENG,English 200,1,Winter,M2,1,20
DFENG,English 200,1,Winter,M3,1,20
DFENG,English 211S,1,Winter,M2,1,20
DFENG,English 211S,1,Winter,M3,1,20
DFENG,English 490,1,Spring,M2,1,20
DFENG,English 490,1,Winter,M3,1,20
DFENG,English 241,1,Spring,M2,1,20
DFENG,English 241,1,Spring,M3,1,20
DFENG,English 366,1,Fall,M3,1,20
DFENG,English 353,1,Winter,M3,1,20
DFENG,English 353,1,Fall,T3,1,20
DFENG,English 375,1,Winter,M3,1,20
DFENG,English 375,1,Spring,T2,1,20
DFENG,FineArt 464,1,Winter,M3,1,24
DFENG,English 342,1,Fall,T2,1,20
DFENG,FineArt 353,1,Fall,T2,1,24
DFENG,English 344,1,Winter,T2,1,20
DFENG,English 360,1,Winter,T2,1,20
DFENG,FineArt 375,1,Winter,T2,1,24
DFENG,FineArt 375,1,Winter,T3,1,24
DFENG,English 343,1,Fall,T3,1,20
DFENG,English 400S,1,Fall,T3,1,20
DFENG,FineArt 359,1,Fall,T3,1,24
DFENG,Hum 402,1,Fall,T3,1,999
DFENG,English 390,1,Spring,T3,1,20
DFENG,English 474,1,Spring,T3,1,20
DFENG,English 484,1,Spring,T3,1,20
DFF,Arabic 132,11,Fall,M1,1,20
DFF,Arabic 132,11,Winter,M3,1,20
DFF,Arabic 132,11,Spring,M3,1,20
DFF,Arabic 132,11,Fall,T1,1,20
DFF,Arabic 132,11,Fall,T4,1,20
DFF,French 131,11,Fall,M1,1,24
DFF,French 131,11,Winter,M1,1,24
DFF,French 131,11,Fall,M2,1,24
DFF,French 131,11,Winter,M2,1,24
DFF,French 131,11,Spring,M2,1,24
DFF,French 131,11,Spring,T1,1,24
DFF,French 131,11,Fall,T2,1,24
DFF,French 131,11,Spring,T2,1,24
DFF,French 131,11,Winter,T3,1,24
DFF,German 132,11,Fall,M1,1,20
DFF,German 132,11,Fall,M2,1,20
DFF,German 132,11,Winter,M3,1,20
DFF,German 132,11,Spring,M3,1,20
DFF,German 132,11,Spring,M4,1,20
DFF,German 132,11,Fall,T1,1,20
DFF,German 132,11,Winter,T1,1,20
DFF,German 132,11,Spring,T1,1,20
DFF,German 132,11,Winter,T2,1,20
DFF,Japanese 132,11,Fall,M1,1,20
DFF,Japanese 132,11,Winter,M2,1,20
DFF,Japanese 132,11,Spring,M3,1,20
DFF,Japanese 132,11,Fall,M4,1,20
DFF,Japanese 132,11,Fall,T3,1,20
DFF,Portuguese 131,11,Fall,M1,1,20
DFF,Portuguese 131,11,Fall,M2,1,20
DFF,Portuguese 131,11,Fall,M3,1,20
DFF,Portuguese 131,11,Fall,T2,1,20
DFF,Portuguese 131,11,Fall,T3,1,20
DFF,Spanish 132,11,Fall,M1,1,20
DFF,Spanish 132,11,Winter,M1,1,20
DFF,Spanish 132,11,Spring,M1,1,20
DFF,Spanish 132,11,Fall,M2,1,20
DFF,Spanish 132,11,Winter,M2,1,20
DFF,Spanish 132,11,Spring,M2,1,20
DFF,Spanish 132,11,Fall,M3,1,20
DFF,Spanish 132,11,Winter,M3,1,20
DFF,Spanish 132,11,Spring,M3,1,20
DFF,Spanish 132,11,Winter,T1,1,20
DFF,Spanish 132,11,Fall,T2,1,20
DFF,Spanish 132,11,Spring,T2,1,20
DFF,Spanish 132,11,Fall,T3,1,20
DFF,Spanish 132,11,Winter,T3,1,20
DFF,Spanish 132,11,Spring,T3,1,20
DFF,Spanish 221,1,Fall,M1,1,20
DFF,Spanish 221,1,Fall,M2,1,20
DFF,Spanish 221,1,Spring,M2,1,20
DFF,Spanish 221,1,Fall,M3,1,20
DFF,Spanish 221,1,Winter,T2,1,20
DFF,Spanish 131,11,Winter,M1,1,20
DFF,Spanish 131,11,Spring,M1,1,20
DFF,Spanish 131,11,Winter,M2,1,20
DFF,Spanish 131,11,Spring,M2,1,20
DFF,Spanish 131,11,Fall,M3,1,20
DFF,Spanish 131,11,Winter,M3,1,20
DFF,Spanish 131,11,Spring,M3,1,20
DFF,Spanish 131,11,Fall,M4,1,20
DFF,Spanish 131,11,Winter,M4,1,20
DFF,Spanish 131,11,Fall,T1,1,20
DFF,Spanish 131,11,Spring,T1,1,20
DFF,Spanish 131,11,Fall,T2,1,20
DFF,Spanish 131,11,Winter,T2,1,20
DFF,Spanish 131,11,Spring,T2,1,20
DFF,Spanish 131,11,Fall,T3,1,20
DFF,French 132,11,Spring,M1,1,20
DFF,French 132,11,Winter,M2,1,20
DFF,French 132,11,Fall,M3,1,20
DFF,French 132,11,Spring,M3,1,20
DFF,French 132,11,Winter,T1,1,20
DFF,French 132,11,Spring,T1,1,20
DFF,French 132,11,Fall,T2,1,20
DFF,French 132,11,Fall,T3,1,20
DFF,French 132,11,Winter,T3,1,20
DFF,French 132,11,Fall,T4,1,20
DFF,German 131,11,Spring,M1,1,20
DFF,German 131,11,Winter,M2,1,20
DFF,German 131,11,Winter,M3,1,20
DFF,German 131,11,Fall,M4,1,20
DFF,German 131,11,Fall,T1,1,20
DFF,German 131,11,Spring,T1,1,20
DFF,German 131,11,Fall,T3,1,20
DFF,German 131,11,Winter,T4,1,20
DFF,German 131,11,Spring,T4,1,20
DFF,Portuguese 132,11,Spring,M1,1,20
DFF,Portuguese 132,11,Spring,M2,1,20
DFF,Portuguese 132,11,Spring,T2,1,20
DFF,Portuguese 132,11,Spring,T3,1,20
DFF,Portuguese 132,11,Spring,T4,1,20
DFF,ForLang 131,11,Fall,M2,1,20
DFF,Chinese 132,11,Fall,M2,1,20
DFF,Chinese 132,11,Winter,M2,1,20
DFF,Chinese 132,11,Spring,M2,1,20
DFF,Chinese 132,11,Fall,M3,1,20
DFF,Russian 132,11,Fall,M2,1,20
DFF,Russian 132,11,Fall,M3,1,20
DFF,Russian 132,11,Winter,T2,1,20
DFF,Russian 132,11,Spring,T2,1,20
DFF,Russian 132,11,Winter,T3,1,20
DFF,Russian 132,11,Spring,T3,1,20
DFF,Japanese 365,1,Fall,M2,1,20
DFF,Portuguese 211,1,Fall,M2,1,20
DFF,Arabic 221,1,Fall,M2,1,20
DFF,Arabic 221,1,Spring,M2,1,20
DFF,Arabic 221,1,Winter,T2,1,20
DFF,Arabic 222,1,Fall,M2,1,20
DFF,Arabic 222,1,Spring,T2,1,20
DFF,Arabic 222,1,Winter,T3,1,20
DFF,Chinese 221,1,Fall,M2,1,20
DFF,Chinese 221,1,Winter,M2,1,20
DFF,Chinese 221,1,Spring,T2,1,20
DFF,French 365,1,Fall,M2,1,20
DFF,French 365,1,Fall,M3,1,20
DFF,German 365,1,Fall,M2,1,20
DFF,German 365,1,Fall,M3,1,20
DFF,Portuguese 321,1,Fall,M2,1,20
DFF,Portuguese 321,1,Fall,M3,1,20
DFF,French 222,1,Fall,M2,1,20
DFF,French 222,1,Winter,M2,1,20
DFF,French 222,1,Fall,M3,1,20
DFF,French 222,1,Spring,T2,1,20
DFF,French 321,1,Fall,M2,1,20
DFF,French 321,1,Fall,M3,1,20
DFF,French 321,1,Spring,T2,1,20
DFF,French 321,1,Winter,T3,1,20
DFF,French 322,1,Fall,M2,1,20
DFF,French 322,1,Fall,M3,1,20
DFF,French 322,1,Spring,M3,1,20
DFF,French 322,1,Winter,T2,1,20
DFF,Spanish 222,1,Fall,M2,1,20
DFF,Spanish 222,1,Fall,M3,1,20
DFF,Spanish 222,1,Spring,T2,1,20
DFF,Spanish 222,1,Winter,T3,1,20
DFF,Spanish 321,1,Fall,M2,1,20
DFF,Spanish 321,1,Spring,M3,1,20
DFF,Spanish 321,1,Fall,T1,1,20
DFF,Spanish 321,1,Fall,T2,1,20
DFF,Spanish 321,1,Winter,T2,1,20
DFF,ForLang 132,11,Winter,M2,1,20
DFF,Japanese 131,11,Winter,M2,1,20
DFF,Japanese 131,11,Spring,M2,1,20
DFF,Japanese 131,11,Fall,M4,1,20
DFF,Japanese 131,11,Fall,T2,1,20
DFF,Japanese 131,11,Fall,T3,1,20
DFF,Arabic 131,11,Winter,M2,1,20
DFF,Arabic 131,11,Spring,M2,1,20
DFF,Arabic 131,11,Winter,M3,1,20
DFF,Arabic 131,11,Spring,M3,1,20
DFF,Arabic 131,11,Fall,T2,1,20
DFF,Arabic 131,11,Fall,T3,1,20
DFF,Russian 131,11,Winter,M2,1,20
DFF,Russian 131,11,Spring,M2,1,20
DFF,Russian 131,11,Fall,M3,1,20
DFF,Russian 131,11,Winter,M3,1,20
DFF,Russian 131,11,Spring,M3,1,20
DFF,Russian 131,11,Fall,M4,1,20
DFF,Russian 131,11,Fall,T4,1,20
DFF,Chinese 430,1,Winter,M2,1,24
DFF,ForArStu 420,1,Winter,M2,1,24
DFF,Portuguese 365,1,Winter,M2,1,20
DFF,Chinese 321,1,Winter,M2,1,20
DFF,Chinese 321,1,Fall,T3,1,20
DFF,Chinese 321,1,Spring,T3,1,20
DFF,German 221,1,Winter,M2,1,20
DFF,German 221,1,Fall,M3,1,20
DFF,German 221,1,Spring,M3,1,20
DFF,German 221,1,Fall,M4,1,20
DFF,German 221,1,Fall,T1,1,20
DFF,German 321,1,Winter,M2,1,20
DFF,German 321,1,Fall,T3,1,20
DFF,German 321,1,Spring,T3,1,20
DFF,Japanese 321,1,Winter,M2,1,20
DFF,Japanese 321,1,Spring,M2,1,20
DFF,Japanese 321,1,Fall,T3,1,20
DFF,Japanese 322,1,Winter,M2,1,20
DFF,Japanese 322,1,Spring,M2,1,20
DFF,Japanese 322,1,Fall,T2,1,20
DFF,Russian 222,1,Winter,M2,1,20
DFF,Russian 222,1,Spring,M2,1,20
DFF,Russian 222,1,Fall,M3,1,20
DFF,Russian 322,1,Winter,M2,1,20
DFF,Russian 322,1,Spring,M2,1,20
DFF,Russian 322,1,Fall,T2,1,20
DFF,Spanish 322,1,Winter,M2,1,20
DFF,Spanish 322,1,Spring,M2,1,20
DFF,Spanish 322,1,Fall,M3,1,20
DFF,Spanish 322,1,Fall,T2,1,20
DFF,Spanish 322,1,Fall,T3,1,20
DFF,Spanish 365,1,Winter,M2,1,20
DFF,Spanish 365,1,Winter,M3,1,20
DFF,Chinese 131,11,Spring,M2,1,20
DFF,Chinese 131,11,Fall,M3,1,20
DFF,Chinese 131,11,Fall,T1,1,20
DFF,Chinese 131,11,Winter,T2,1,20
DFF,Chinese 131,11,Fall,T4,1,20
DFF,Portuguese 212,1,Spring,M2,1,20
DFF,Chinese 222,1,Spring,M2,1,20
DFF,Chinese 222,1,Winter,T2,1,20
DFF,Chinese 222,1,Fall,T3,1,20
DFF,Chinese 322,1,Spring,M2,1,20
DFF,Chinese 322,1,Fall,M3,1,20
DFF,Chinese 322,1,Winter,M3,1,20
DFF,Russian 321,1,Spring,M2,1,20
DFF,Russian 321,1,Winter,M3,1,20
DFF,Russian 321,1,Fall,T2,1,20
DFF,Portuguese 322,1,Spring,M2,1,20
DFF,Portuguese 322,1,Spring,M3,1,20
DFF,Chinese 365,1,Fall,M3,1,20
DFF,Arabic 365,1,Winter,M3,1,20
DFF,Chinese 431,1,Winter,M3,1,24
DFF,French 410,1,Winter,M3,1,24
DFF,Japanese 430,1,Winter,M3,1,24
DFF,Portuguese 221,1,Winter,M3,1,20
DFF,French 221,1,Winter,M3,1,20
DFF,French 221,1,Fall,T2,1,20
DFF,French 221,1,Spring,T2,1,20
DFF,French 221,1,Fall,T3,1,20
DFF,German 495,1,Spring,M3,1,24
DFF,Russian 221,1,Spring,M3,1,20
DFF,Russian 221,1,Fall,T2,1,20
DFF,Russian 221,1,Winter,T2,1,20
DFF,Russian 221,1,Fall,T3,1,20
DFF,German 420,1,Fall,T2,1,24
DFF,Spanish 321FR,1,Fall,T2,1,24
DFF,German 322,1,Fall,T2,1,20
DFF,German 322,1,Winter,T2,1,20
DFF,German 322,1,Spring,T3,1,20
DFF,Japanese 222,1,Fall,T2,1,20
DFF,Japanese 222,1,Spring,T2,1,20
DFF,Japanese 222,1,Winter,T3,1,20
DFF,Arabic 321,1,Fall,T2,1,20
DFF,Arabic 321,1,Fall,T3,1,20
DFF,German 222,1,Fall,T2,1,20
DFF,German 222,1,Winter,T2,1,20
DFF,German 222,1,Spring,T2,1,20
DFF,German 222,1,Fall,T3,1,20
DFF,Japanese 221,1,Fall,T2,1,20
DFF,Japanese 221,1,Fall,T3,1,20
DFF,Japanese 221,1,Winter,T3,1,20
DFF,Japanese 221,1,Spring,T3,1,20
DFF,Arabic 322,1,Winter,T2,1,20
DFF,ForArStu 415,1,Winter,T2,1,24
DFF,Russian 410,1,Winter,T2,1,24
DFF,Spanish 365FR,1,Winter,T2,1,24
DFF,Spanish 410,1,Winter,T2,1,24
DFF,Spanish 410,1,Winter,T3,1,24
DFF,ForArStu 425,1,Spring,T2,1,24
DFF,French 430,1,Spring,T2,1,24
DFF,Portuguese 222,1,Spring,T2,1,20
DFF,Russian 365,1,Fall,T3,1,20
DFF,Arabic 410,1,Winter,T3,1,24
DFF,Chinese 410,1,Winter,T3,1,24
DFF,Portuguese 410,1,Winter,T3,1,24
DFF,Spanish 420,1,Spring,T3,1,24
DFF,Spanish 421,1,Spring,T3,1,24
DFH,History 300,1,Fall,M1,2,20
DFH,History 300,1,Winter,M1,2,20
DFH,History 300,1,Spring,M1,2,20
DFH,History 300,1,Fall,M2,2,20
DFH,History 300,1,Winter,M2,2,20
DFH,History 300,1,Spring,M2,2,20
DFH,History 300,1,Fall,M3,2,20
DFH,History 300,1,Winter,M3,2,20
DFH,History 300,1,Spring,M3,2,20
DFH,History 300,1,Fall,M4,2,20
DFH,History 300,1,Winter,M4,2,20
DFH,History 300,1,Spring,M4,2,20
DFH,History 300,1,Fall,T1,2,20
DFH,History 300,1,Winter,T1,2,20
DFH,History 300,1,Spring,T1,2,20
DFH,History 300,1,Fall,T2,2,20
DFH,History 300,1,Winter,T2,2,20
DFH,History 300,1,Spring,T2,2,20
DFH,History 300,1,Fall,T3,2,20
DFH,History 300,1,Winter,T3,2,20
DFH,History 300,1,Spring,T3,2,20
DFH,History 300,1,Fall,T4,2,20
DFH,History 300,1,Winter,T4,2,20
DFH,History 300,1,Spring,T4,2,20
DFH,History 100,1,Fall,M1,3,20
DFH,History 100,1,Winter,M1,2,20
DFH,History 100,1,Spring,M1,3,20
DFH,History 100,1,Fall,M2,3,20
DFH,History 100,1,Winter,M2,2,20
DFH,History 100,1,Spring,M2,2,20
DFH,History 100,1,Fall,M3,2,20
DFH,History 100,1,Winter,M3,3,20
DFH,History 100,1,Spring,M3,3,20
DFH,History 100,1,Fall,M4,3,20
DFH,History 100,1,Winter,M4,2,20
DFH,History 100,1,Spring,M4,2,20
DFH,History 100,1,Fall,T1,2,20
DFH,History 100,1,Winter,T1,2,20
DFH,History 100,1,Spring,T1,2,20
DFH,History 100,1,Fall,T2,3,20
DFH,History 100,1,Winter,T2,3,20
DFH,History 100,1,Spring,T2,3,20
DFH,History 100,1,Fall,T3,2,20
DFH,History 100,1,Winter,T3,3,20
DFH,History 100,1,Spring,T3,2,20
DFH,History 100,1,Fall,T4,2,20
DFH,History 100,1,Winter,T4,2,20
DFH,History 100,1,Spring,T4,2,20
DFH,History 300S,1,Fall,M2,1,20
DFH,History 300S,1,Fall,M3,1,20
DFH,History 230,1,Winter,M2,1,24
DFH,History 230,1,Fall,T2,1,24
DFH,History 230,1,Fall,T3,1,24
DFH,History 381,1,Winter,M2,1,24
DFH,History 373,1,Spring,M2,1,24
DFH,History 351,1,Spring,M2,1,24
DFH,History 351,1,Winter,M3,1,24
DFH,History 351,1,Spring,M3,1,24
DFH,History 371,1,Spring,M2,1,24
DFH,History 371,1,Spring,M3,1,24
DFH,History 340,1,Fall,M3,1,24
DFH,History 342,1,Fall,M3,1,24
DFH,History 344,1,Fall,M3,1,24
DFH,ForArStu 410,1,Winter,M3,1,24
DFH,History 341,1,Winter,M3,1,24
DFH,History 374,1,Winter,M3,1,24
DFH,History 394,1,Spring,M3,1,24
DFH,SocSci 495S,1,Fall,T2,1,24
DFH,History 100S,1,Fall,T2,1,20
DFH,History 100S,1,Fall,T3,1,20
DFH,History 325,1,Winter,T2,1,24
DFH,History 332,1,Winter,T2,1,24
DFH,History 347,1,Spring,T2,1,24
DFH,History 368,1,Spring,T2,1,24
DFH,History 375,1,Spring,T2,1,24
DFH,History 345,1,Spring,T2,1,24
DFH,History 345,1,Spring,T3,1,24
DFH,History 495,1,Spring,T2,1,24
DFH,History 495,1,Spring,T3,1,24
DFH,History 339,1,Fall,T3,1,24
DFH,History 352,1,Fall,T3,1,24
DFH,History 352,1,Winter,T3,1,24
DFH,History 457,1,Fall,T3,1,24
DFH,History 363,1,Winter,T3,1,24
DFH,History 367,1,Winter,T3,1,24
DFH,History 370,1,Winter,T3,1,24
DFH,History 498,1,Winter,T3,1,24
DFH,History 343,1,Spring,T3,1,24
DFL,Law 220,1,Fall,M1,2,20
DFL,Law 220,1,Winter,M1,3,20
DFL,Law 220,1,Spring,M1,3,20
DFL,Law 220,1,Fall,M2,3,20
DFL,Law 220,1,Winter,M2,3,20
DFL,Law 220,1,Spring,M2,2,20
DFL,Law 220,1,Fall,M3,2,20
DFL,Law 220,1,Winter,M3,2,20
DFL,Law 220,1,Spring,M3,3,20
DFL,Law 220,1,Fall,M4,3,20
DFL,Law 220,1,Winter,M4,2,20
DFL,Law 220,1,Spring,M4,2,20
DFL,Law 220,1,Fall,T1,2,20
DFL,Law 220,1,Winter,T1,3,20
DFL,Law 220,1,Spring,T1,3,20
DFL,Law 220,1,Fall,T2,3,20
DFL,Law 220,1,Winter,T2,2,20
DFL,Law 220,1,Spring,T2,2,20
DFL,Law 220,1,Fall,T3,3,20
DFL,Law 220,1,Winter,T3,2,20
DFL,Law 220,1,Spring,T3,2,20
DFL,Law 220,1,Fall,T4,2,20
DFL,Law 220,1,Winter,T4,2,20
DFL,Law 220,1,Spring,T4,2,20
DFL,Law 485,2,Winter,M1,1,24
DFL,Law 485,2,Winter,T1,1,24
DFL,SocSci 483,1,Spring,M1,1,24
DFL,SocSci 483,1,Fall,M3,1,24
DFL,SocSci 483,1,Spring,M3,1,24
DFL,SocSci 483,1,Fall,T1,1,24
DFL,SocSci 483,1,Spring,T1,1,24
DFL,SocSci 483,1,Spring,T2,1,24
DFL,SocSci 483,1,Fall,T4,1,24
DFL,SocSci 483,1,Spring,T4,1,24
DFL,Law 220S,1,Fall,M2,1,24
DFL,Law 220S,1,Fall,M3,1,24
DFL,Law 221,1,Winter,M2,1,24
DFL,Law 221,1,Winter,M3,1,24
DFL,Law 221,1,Spring,T3,1,24
DFL,SocSci 420,1,Winter,M2,1,24
DFL,SocSci 420,1,Winter,M3,1,24
DFL,Law 440,1,Spring,M2,1,24
DFL,Law 456,1,Spring,M2,1,24
DFL,Law 351,1,Spring,M2,1,24
DFL,Law 351,1,Spring,M3,1,24
DFL,Law 480,1,Spring,M3,1,24
DFL,Law 321,1,Fall,T2,1,24
DFL,Law 321,1,Fall,T3,1,24
DFL,Law 421,1,Fall,T2,1,24
DFL,Law 421,1,Fall,T3,1,24
DFL,Law 466,1,Winter,T2,1,24
DFL,Law 331,1,Winter,T2,1,24
DFL,Law 331,1,Winter,T3,1,24
DFL,Law 340,1,Winter,T2,1,24
DFL,Law 340,1,Winter,T3,1,24
DFL,Law 363,1,Spring,T2,1,24
DFL,Law 363,1,Spring,T3,1,24
DFL,Law 360,1,Fall,T3,1,24
DFL,Law 495,1,Fall,T3,1,24
DFL,Law 463,1,Spring,T3,1,24
DFM,Mgt 303,2,Fall,M1,2,35
DFM,Mgt 303,2,Fall,M3,1,35
DFM,Mgt 303,2,Fall,T1,2,35
DFM,Mgt 303,2,Fall,T3,2,35
DFM,SysEngr 311,1,Fall,M1,1,24
DFM,SysEngr 311,1,Fall,M2,1,24
DFM,SysEngr 311,1,Fall,M3,1,24
DFM,SysEngr 311,1,Fall,T1,1,24
DFM,Mgt 498,1,Fall,M1,1,24
DFM,Mgt 498,1,Fall,M3,1,24
DFM,Mgt 498,1,Fall,T1,1,24
DFM,Mgt 498,1,Fall,T2,1,24
DFM,Mgt 498,1,Fall,T3,1,24
DFM,Mgt 498,1,Fall,T4,1,24
DFM,Mgt 472,1,Fall,M1,1,35
DFM,Mgt 472,1,Fall,M2,1,35
DFM,Mgt 472,1,Fall,M3,1,35
DFM,Mgt 472,1,Fall,M4,1,35
DFM,Mgt 472,1,Fall,T1,1,35
DFM,Mgt 472,1,Fall,T2,1,35
DFM,Mgt 472,1,Fall,T3,1,35
DFM,OpsRsch 310,1,Fall,M1,1,24
DFM,OpsRsch 310,1,Winter,M1,1,24
DFM,OpsRsch 310,1,Spring,M1,1,24
DFM,OpsRsch 310,1,Fall,M2,1,24
DFM,OpsRsch 310,1,Winter,M2,1,24
DFM,OpsRsch 310,1,Spring,M2,1,24
DFM,OpsRsch 310,1,Fall,M3,1,24
DFM,OpsRsch 310,1,Winter,M3,1,24
DFM,OpsRsch 310,1,Fall,M4,1,24
DFM,OpsRsch 310,1,Spring,M4,1,24
DFM,OpsRsch 310,1,Fall,T1,1,24
DFM,OpsRsch 310,1,Winter,T1,1,24
DFM,OpsRsch 310,1,Spring,T1,1,24
DFM,OpsRsch 310,1,Fall,T2,1,24
DFM,OpsRsch 310,1,Winter,T2,1,24
DFM,OpsRsch 310,1,Spring,T2,1,24
DFM,OpsRsch 310,1,Fall,T3,1,24
DFM,OpsRsch 310,1,Winter,T3,1,24
DFM,OpsRsch 310,1,Spring,T3,1,24
DFM,OpsRsch 310,1,Winter,T4,1,24
DFM,OpsRsch 310,1,Spring,T4,1,24
DFM,Mgt 400,1,Fall,M1,1,24
DFM,Mgt 400,1,Winter,M1,2,24
DFM,Mgt 400,1,Fall,M2,1,24
DFM,Mgt 400,1,Winter,M2,2,24
DFM,Mgt 400,1,Fall,M3,1,24
DFM,Mgt 400,1,Winter,M3,2,24
DFM,Mgt 400,1,Fall,M4,1,24
DFM,Mgt 400,1,Winter,M4,1,24
DFM,Mgt 400,1,Fall,T1,1,24
DFM,Mgt 400,1,Winter,T1,1,24
DFM,Mgt 400,1,Fall,T2,1,24
DFM,Mgt 400,1,Winter,T2,2,24
DFM,Mgt 400,1,Fall,T3,1,24
DFM,Mgt 400,1,Winter,T3,2,24
DFM,Mgt 400,1,Fall,T4,1,24
DFM,Mgt 400,1,Winter,T4,1,24
DFM,Mgt 341,1,Fall,M1,2,24
DFM,Mgt 341,1,Fall,M2,2,24
DFM,Mgt 341,1,Fall,M3,1,24
DFM,Mgt 341,1,Fall,M4,1,24
DFM,Mgt 341,1,Fall,T1,1,24
DFM,Mgt 341,1,Fall,T2,1,24
DFM,Mgt 341,1,Fall,T3,2,24
DFM,Mgt 341,1,Fall,T4,1,24
DFM,Mgt 345,2,Winter,M1,2,35
DFM,Mgt 345,2,Winter,M3,1,35
DFM,Mgt 345,2,Winter,T1,2,35
DFM,Mgt 345,2,Winter,T3,2,35
DFM,Mgt 478,1,Winter,M1,1,24
DFM,Mgt 478,1,Winter,M3,1,24
DFM,Mgt 478,1,Winter,T4,1,24
DFM,Mgt 337,1,Winter,M1,1,35
DFM,Mgt 337,1,Winter,M2,1,35
DFM,Mgt 337,1,Winter,M3,1,35
DFM,Mgt 337,1,Winter,T1,1,35
DFM,Mgt 337,1,Winter,T2,1,35
DFM,Mgt 337,1,Winter,T3,1,35
DFM,Mgt 337,1,Winter,T4,1,35
DFM,SysEngr 301,1,Winter,M1,1,24
DFM,SysEngr 301,1,Winter,M2,1,24
DFM,SysEngr 301,1,Winter,M4,1,24
DFM,SysEngr 301,1,Winter,T1,1,24
DFM,SysEngr 301,1,Winter,T2,1,24
DFM,SysEngr 301,1,Winter,T3,1,24
DFM,SysEngr 301,1,Winter,T4,1,24
DFM,Mgt 382,1,Winter,M1,1,24
DFM,Mgt 382,1,Winter,M2,1,24
DFM,Mgt 382,1,Winter,M3,2,24
DFM,Mgt 382,1,Winter,M4,1,24
DFM,Mgt 382,1,Winter,T1,2,24
DFM,Mgt 382,1,Winter,T2,1,24
DFM,Mgt 382,1,Winter,T3,1,24
DFM,Mgt 382,1,Winter,T4,1,24
DFM,SysEngr 336,1,Spring,M1,1,24
DFM,SysEngr 336,1,Spring,M2,1,24
DFM,SysEngr 336,1,Spring,M3,1,24
DFM,Mgt 361,1,Spring,M1,1,24
DFM,Mgt 361,1,Spring,M3,1,24
DFM,Mgt 361,1,Spring,T1,1,24
DFM,Mgt 361,1,Spring,T2,1,24
DFM,Mgt 477,1,Spring,M1,1,24
DFM,Mgt 477,1,Spring,M2,1,24
DFM,Mgt 477,1,Spring,M3,1,24
DFM,Mgt 477,1,Spring,T3,1,24
DFM,Mgt 401,1,Spring,M1,1,24
DFM,Mgt 401,1,Spring,M2,1,24
DFM,Mgt 401,1,Spring,M3,1,24
DFM,Mgt 401,1,Spring,M4,1,24
DFM,Mgt 401,1,Spring,T1,1,24
DFM,Mgt 401,1,Spring,T2,1,24
DFM,Mgt 401,1,Spring,T3,1,24
DFM,Mgt 448,1,Spring,M1,1,24
DFM,Mgt 448,1,Spring,M2,1,24
DFM,Mgt 448,1,Spring,M3,1,24
DFM,Mgt 448,1,Spring,M4,1,24
DFM,Mgt 448,1,Spring,T1,1,24
DFM,Mgt 448,1,Spring,T2,1,24
DFM,Mgt 448,1,Spring,T3,1,24
DFM,Mgt 448,1,Spring,T4,1,24
DFM,Mgt 342,1,Spring,M1,1,24
DFM,Mgt 342,1,Spring,M2,1,24
DFM,Mgt 342,1,Spring,M3,2,24
DFM,Mgt 342,1,Spring,M4,1,24
DFM,Mgt 342,1,Spring,T1,2,24
DFM,Mgt 342,1,Spring,T2,1,24
DFM,Mgt 342,1,Spring,T3,1,24
DFM,Mgt 342,1,Spring,T4,1,24
DFM,Mgt 375,1,Spring,M1,1,24
DFM,Mgt 375,1,Spring,M2,1,24
DFM,Mgt 375,1,Spring,M3,2,24
DFM,Mgt 375,1,Spring,M4,1,24
DFM,Mgt 375,1,Spring,T1,1,24
DFM,Mgt 375,1,Spring,T2,1,24
DFM,Mgt 375,1,Spring,T3,2,24
DFM,Mgt 375,1,Spring,T4,1,24
DFM,OpsRsch 406,1,Winter,M2,1,999
DFM,SysEngr 477,1,Fall,M3,1,24
DFM,SysEngr 477,1,Fall,M4,1,24
DFM,SysEngr 477,1,Fall,T3,1,24
DFM,Mgt 419,1,Fall,M3,1,24
DFM,Mgt 419,1,Fall,M4,1,24
DFM,Mgt 419,1,Fall,T1,1,24
DFM,Mgt 419,1,Fall,T2,1,24
DFM,Mgt 419,1,Fall,T3,1,24
DFM,Mgt 419,1,Fall,T4,1,24
DFM,Mgt 420,"2""",Winter,T1,1,999
DFM,OpsRsch 422,2,Winter,T1,1,999
DFM,Mgt 372,1,Winter,T2,1,24
DFM,Mgt 372,1,Winter,T3,1,24
DFM,OpsRsch 421,2,Fall,T3,1,999
DFM,Mgt 411,1,Spring,T3,1,24
DFMI,MSS 201,2,Fall,M1,1,24
DFMI,MSS 201,2,Winter,M1,1,24
DFMI,MSS 201,2,Winter,T1,1,24
DFMI,MSS 302,2,Fall,M1,1,24
DFMI,UAS 200,2,Fall,M1,1,24
DFMI,UAS 200,2,Winter,M1,1,24
DFMI,UAS 200,2,Spring,M1,1,24
DFMI,UAS 200,2,Fall,M3,1,24
DFMI,UAS 200,2,Fall,T1,1,24
DFMI,UAS 200,2,Winter,T1,1,24
DFMI,UAS 200,2,Spring,T1,1,24
DFMI,UAS 200,2,Fall,T3,1,24
DFMI,MSS 251,2,Fall,M1,4,24
DFMI,MSS 251,2,Winter,M1,4,24
DFMI,MSS 251,2,Spring,M1,4,24
DFMI,MSS 251,2,Fall,M3,4,24
DFMI,MSS 251,2,Winter,M3,3,24
DFMI,MSS 251,2,Spring,M3,4,24
DFMI,MSS 251,2,Fall,T1,4,24
DFMI,MSS 251,2,Winter,T1,4,24
DFMI,MSS 251,2,Spring,T1,3,24
DFMI,MSS 251,2,Fall,T3,4,24
DFMI,MSS 251,2,Winter,T3,3,24
DFMI,MSS 251,2,Spring,T3,3,24
DFMI,MSS 451,1x,Fall,M1,1,48
DFMI,MSS 451,1x,Winter,M1,2,48
DFMI,MSS 451,1x,Fall,M2,1,48
DFMI,MSS 451,1x,Winter,M2,2,48
DFMI,MSS 451,1x,Fall,M3,2,48
DFMI,MSS 451,1x,Winter,M3,1,48
DFMI,MSS 451,1x,Fall,M4,1,48
DFMI,MSS 451,1x,Winter,M4,1,48
DFMI,MSS 451,1x,Fall,T1,1,48
DFMI,MSS 451,1x,Winter,T1,2,48
DFMI,MSS 451,1x,Fall,T2,2,48
DFMI,MSS 451,1x,Winter,T2,1,48
DFMI,MSS 451,1x,Fall,T3,1,48
DFMI,MSS 451,1x,Winter,T3,2,48
DFMI,MSS 451,1x,Fall,T4,1,48
DFMI,MSS 451,1x,Winter,T4,1,48
DFMI,UAS 400,1,Fall,M2,1,24
DFMI,UAS 400,1,Spring,M2,1,24
DFMI,UAS 400,1,Fall,M3,1,24
DFMI,UAS 400,1,Spring,M3,1,24
DFMI,UAS 400,1,Winter,T2,1,24
DFMI,UAS 400,1,Winter,T3,1,24
DFMI,MSS 367,1,Winter,M2,1,24
DFMI,MSS 470,1,Spring,M2,1,24
DFMI,MSS 477,1,Spring,M2,1,24
DFMI,MSS 495,1,Spring,M2,1,24
DFMI,MSS 498,1,Spring,M2,1,24
DFMI,MSS 498,1,Spring,M3,1,24
DFMI,MSS 298,1,Spring,M2,1,24
DFMI,MSS 298,1,Spring,T2,1,24
DFMI,MSS 298,1,Spring,T3,1,24
DFMI,MSS 381,1,Spring,M3,1,24
DFMI,MSS 381,1,Winter,T3,1,24
DFMI,MSS 372,1,Winter,T2,1,24
DFMI,MSS 494,1,Winter,T2,1,24
DFMI,MSS 362,1,Winter,T2,1,24
DFMI,MSS 362,1,Winter,T3,1,24
DFMI,MSS 371,1,Spring,T2,1,24
DFMI,MSS 480,1,Spring,T2,1,24
DFMI,MSS 490,1,Spring,T2,1,24
DFMI,MSS 490,1,Spring,T3,1,24
DFMI,MSS 491,1,Spring,T2,1,24
DFMI,MSS 491,1,Spring,T3,1,24
DFMI,MSS 493,1,Fall,T3,1,24
DFMI,ForArStu 430,1,Winter,T3,1,24
DFMS,Math 342,2,Fall,M1,1,24
DFMS,Math 346,1,Fall,M1,1,24
DFMS,Math 346,1,Fall,M4,1,24
DFMS,Math 346,1,Winter,T2,1,24
DFMS,Math 346,1,Fall,T3,1,24
DFMS,Math 346,1,Winter,T3,1,24
DFMS,Math 243,1,Fall,M1,1,24
DFMS,Math 243,1,Winter,M1,1,24
DFMS,Math 243,1,Fall,M2,1,24
DFMS,Math 243,1,Winter,M2,1,24
DFMS,Math 243,1,Fall,M3,1,24
DFMS,Math 243,1,Winter,M3,1,24
DFMS,Math 243,1,Fall,M4,1,24
DFMS,Math 243,1,Winter,M4,1,24
DFMS,Math 243,1,Fall,T1,1,24
DFMS,Math 243,1,Winter,T1,1,24
DFMS,Math 243,1,Fall,T2,1,24
DFMS,Math 243,1,Winter,T2,1,24
DFMS,Math 243,1,Fall,T3,1,24
DFMS,Math 243,1,Winter,T3,1,24
DFMS,Math 243,1,Fall,T4,1,24
DFMS,Math 243,1,Winter,T4,1,24
DFMS,Math 300,1,Fall,M1,1,24
DFMS,Math 300,1,Winter,M1,1,24
DFMS,Math 300,1,Spring,M1,1,24
DFMS,Math 300,1,Fall,M2,1,24
DFMS,Math 300,1,Fall,M3,1,24
DFMS,Math 300,1,Winter,M3,1,24
DFMS,Math 300,1,Spring,M3,1,24
DFMS,Math 300,1,Fall,M4,1,24
DFMS,Math 300,1,Fall,T1,1,24
DFMS,Math 300,1,Winter,T1,1,24
DFMS,Math 300,1,Spring,T1,1,24
DFMS,Math 300,1,Fall,T2,1,24
DFMS,Math 300,1,Winter,T2,1,24
DFMS,Math 300,1,Spring,T2,1,24
DFMS,Math 300,1,Fall,T3,1,24
DFMS,Math 300,1,Winter,T3,1,24
DFMS,Math 300,1,Spring,T3,1,24
DFMS,Math 300,1,Fall,T4,1,24
DFMS,Math 300,1,Winter,T4,1,24
DFMS,Math 300,1,Spring,T4,1,24
DFMS,Math 356,1,Fall,M1,1,24
DFMS,Math 356,1,Winter,M1,1,24
DFMS,Math 356,1,Spring,M1,1,24
DFMS,Math 356,1,Fall,M2,1,24
DFMS,Math 356,1,Winter,M2,1,24
DFMS,Math 356,1,Spring,M2,1,24
DFMS,Math 356,1,Fall,M3,1,24
DFMS,Math 356,1,Winter,M3,1,24
DFMS,Math 356,1,Fall,M4,1,24
DFMS,Math 356,1,Winter,M4,1,24
DFMS,Math 356,1,Spring,M4,1,24
DFMS,Math 356,1,Fall,T1,1,24
DFMS,Math 356,1,Spring,T1,1,24
DFMS,Math 356,1,Fall,T2,1,24
DFMS,Math 356,1,Fall,T3,1,24
DFMS,Math 356,1,Winter,T3,1,24
DFMS,Math 356,1,Spring,T3,1,24
DFMS,Math 356,1,Fall,T4,1,24
DFMS,Math 356,1,Winter,T4,1,24
DFMS,Math 356,1,Spring,T4,1,24
DFMS,Math 142,1,Fall,M1,2,24
DFMS,Math 142,1,Winter,M1,2,24
DFMS,Math 142,1,Spring,M1,2,24
DFMS,Math 142,1,Fall,M2,2,24
DFMS,Math 142,1,Winter,M2,1,24
DFMS,Math 142,1,Spring,M2,2,24
DFMS,Math 142,1,Fall,M3,1,24
DFMS,Math 142,1,Winter,M3,2,24
DFMS,Math 142,1,Spring,M3,1,24
DFMS,Math 142,1,Fall,M4,1,24
DFMS,Math 142,1,Winter,M4,1,24
DFMS,Math 142,1,Spring,M4,1,24
DFMS,Math 142,1,Fall,T1,1,24
DFMS,Math 142,1,Winter,T1,2,24
DFMS,Math 142,1,Spring,T1,1,24
DFMS,Math 142,1,Fall,T2,2,24
DFMS,Math 142,1,Winter,T2,1,24
DFMS,Math 142,1,Spring,T2,2,24
DFMS,Math 142,1,Fall,T3,2,24
DFMS,Math 142,1,Winter,T3,2,24
DFMS,Math 142,1,Spring,T3,1,24
DFMS,Math 142,1,Fall,T4,2,24
DFMS,Math 142,1,Winter,T4,1,24
DFMS,Math 142,1,Spring,T4,2,24
DFMS,Math 141,1,Fall,M1,3,20
DFMS,Math 141,1,Winter,M1,3,20
DFMS,Math 141,1,Spring,M1,3,20
DFMS,Math 141,1,Fall,M2,2,20
DFMS,Math 141,1,Winter,M2,2,20
DFMS,Math 141,1,Spring,M2,3,20
DFMS,Math 141,1,Fall,M3,3,20
DFMS,Math 141,1,Winter,M3,3,20
DFMS,Math 141,1,Spring,M3,3,20
DFMS,Math 141,1,Fall,M4,2,20
DFMS,Math 141,1,Winter,M4,2,20
DFMS,Math 141,1,Spring,M4,2,20
DFMS,Math 141,1,Fall,T1,3,20
DFMS,Math 141,1,Winter,T1,2,20
DFMS,Math 141,1,Spring,T1,3,20
DFMS,Math 141,1,Fall,T2,3,20
DFMS,Math 141,1,Winter,T2,3,20
DFMS,Math 141,1,Spring,T2,2,20
DFMS,Math 141,1,Fall,T3,2,20
DFMS,Math 141,1,Winter,T3,2,20
DFMS,Math 141,1,Spring,T3,2,20
DFMS,Math 141,1,Fall,T4,2,20
DFMS,Math 141,1,Winter,T4,3,20
DFMS,Math 141,1,Spring,T4,2,20
DFMS,Math 245,1,Winter,M1,1,24
DFMS,Math 245,1,Spring,M1,1,24
DFMS,Math 245,1,Winter,M2,1,24
DFMS,Math 245,1,Spring,M2,1,24
DFMS,Math 245,1,Winter,M3,1,24
DFMS,Math 245,1,Spring,M3,1,24
DFMS,Math 245,1,Winter,M4,1,24
DFMS,Math 245,1,Spring,M4,1,24
DFMS,Math 245,1,Winter,T2,1,24
DFMS,Math 245,1,Spring,T2,1,24
DFMS,Math 245,1,Winter,T3,1,24
DFMS,Math 245,1,Spring,T3,1,24
DFMS,Math 245,1,Winter,T4,1,24
DFMS,Math 344,1,Spring,M1,1,24
DFMS,Math 344,1,Spring,M2,1,24
DFMS,Math 344,1,Spring,M3,1,24
DFMS,Math 152,1,Spring,M1,1,24
DFMS,Math 152,1,Fall,M2,1,24
DFMS,Math 152,1,Winter,M2,1,24
DFMS,Math 152,1,Spring,M2,1,24
DFMS,Math 152,1,Winter,M3,1,24
DFMS,Math 152,1,Spring,M3,1,24
DFMS,Math 152,1,Winter,M4,1,24
DFMS,Math 152,1,Fall,T1,1,24
DFMS,Math 152,1,Winter,T1,1,24
DFMS,Math 152,1,Spring,T1,1,24
DFMS,Math 152,1,Fall,T2,1,24
DFMS,Math 152,1,Fall,T3,1,24
DFMS,Math 152,1,Winter,T3,1,24
DFMS,Math 152,1,Spring,T3,1,24
DFMS,Math 152,1,Fall,T4,1,24
DFMS,Math 320,1,Fall,M2,1,24
DFMS,Math 320,1,Winter,T3,1,24
DFMS,Math 465,1,Fall,M2,1,24
DFMS,Math 421,1,Winter,M2,1,999
DFMS,Math 377,1,Winter,M2,1,30
DFMS,Math 377,1,Winter,M3,1,30
DFMS,OpsRsch 312,1,Spring,M2,1,24
DFMS,OpsRsch 312,1,Spring,M3,1,24
DFMS,OpsRsch 312,1,Spring,M4,1,24
DFMS,OpsRsch 312,1,Spring,T4,1,24
DFMS,Math 451,1,Winter,M3,1,24
DFMS,Math 253,1,Winter,M3,1,24
DFMS,Math 253,1,Winter,T3,1,24
DFMS,Math 253,1,Winter,T4,1,24
DFMS,Math 366,1,Spring,M3,1,24
DFMS,Math 359,1,Spring,M3,1,24
DFMS,Math 359,1,Spring,T1,1,24
DFMS,Math 359,1,Spring,T2,1,24
DFMS,Math 340,1,Winter,T1,1,24
DFMS,Math 340,1,Winter,T2,1,24
DFMS,Math 340,1,Winter,T3,1,24
DFMS,Math 420,1,Fall,T2,1,999
DFMS,OpsRsch 405,1,Fall,T2,1,999
DFMS,OpsRsch 311,1,Fall,T2,1,24
DFMS,OpsRsch 311,1,Fall,T3,1,24
DFMS,Math 378,1,Spring,T2,1,30
DFMS,Math 378,1,Spring,T3,1,30
DFMS,Math 360,1,Fall,T3,1,24
DFMS,Math 469,1,Spring,T3,1,24
DFMS,Math 474,1,Spring,T3,1,24
DFP,Physics 110H,2,Fall,M1,1,25
DFP,Physics 110H,2,Fall,M3,2,25
DFP,Physics 110H,2,Fall,T1,1,25
DFP,Physics 110H,2,Fall,T3,2,25
DFP,Physics 215H,2,Fall,M1,2,25
DFP,Physics 215H,2,Fall,M3,1,25
DFP,Physics 215H,2,Fall,T1,1,25
DFP,Physics 215H,2,Fall,T3,2,25
DFP,Physics 215,2,Fall,M1,2,25
DFP,Physics 215,2,Winter,M1,2,25
DFP,Physics 215,2,Spring,M1,2,25
DFP,Physics 215,2,Fall,M3,2,25
DFP,Physics 215,2,Winter,M3,1,25
DFP,Physics 215,2,Spring,M3,1,25
DFP,Physics 215,2,Fall,T1,2,25
DFP,Physics 215,2,Winter,T1,1,25
DFP,Physics 215,2,Spring,T1,2,25
DFP,Physics 215,2,Fall,T3,2,25
DFP,Physics 215,2,Winter,T3,2,25
DFP,Physics 215,2,Spring,T3,1,25
DFP,Physics 110,2,Fall,M1,4,25
DFP,Physics 110,2,Winter,M1,4,25
DFP,Physics 110,2,Spring,M1,4,25
DFP,Physics 110,2,Fall,M3,3,25
DFP,Physics 110,2,Winter,M3,3,25
DFP,Physics 110,2,Spring,M3,3,25
DFP,Physics 110,2,Fall,T1,4,25
DFP,Physics 110,2,Winter,T1,4,25
DFP,Physics 110,2,Spring,T1,4,25
DFP,Physics 110,2,Fall,T3,3,25
DFP,Physics 110,2,Winter,T3,3,25
DFP,Physics 110,2,Spring,T3,3,25
DFP,Meteor 320,1,Winter,M1,1,24
DFP,Meteor 320,1,Fall,M2,1,24
DFP,Meteor 320,1,Winter,M2,1,24
DFP,Meteor 320,1,Winter,M3,1,24
DFP,Physics 490,2,Spring,M1,1,24
DFP,Physics 421,1,Fall,M2,1,24
DFP,Meteor 330,1,Winter,M2,1,24
DFP,Meteor 331,1,Winter,M2,1,24
DFP,Physics 361,1,Winter,M2,1,24
DFP,Meteor 470,1,Fall,M3,1,24
DFP,Physics 310,1,Fall,M3,1,24
DFP,Physics 370,1,Winter,M3,1,24
DFP,Physics 405,1,Winter,M3,1,999
DFP,Physics 356,1,Spring,M3,1,24
DFP,Physics 468,1,Spring,M3,1,24
DFP,Physics 215S,2,Winter,T1,1,25
DFP,Physics 341,2,Spring,T1,1,24
DFP,Physics 341,2,Winter,T3,1,24
DFP,Physics 355,1,Winter,T2,1,24
DFP,Physics 264,1,Spring,T2,1,24
DFP,Physics 362,1,Spring,T2,1,24
DFP,Physics 450,1,Spring,T2,1,24
DFP,Meteor 430,1,Winter,T3,1,24
DFP,Meteor 431,1,Spring,T3,1,24
DFP,Physics 354,1,Spring,T3,1,24
DFP,Physics 451,1,Spring,T3,1,24
DFP,Physics 465,1,Spring,T3,1,24
DFPS,PolSci 300,1,Fall,M1,1,24
DFPS,PolSci 300,1,Fall,M3,1,24
DFPS,PolSci 300,1,Fall,T1,1,24
DFPS,PolSci 300,1,Fall,T2,1,24
DFPS,SocSci 412,1,Fall,M1,1,20
DFPS,SocSci 412,1,Winter,M1,1,20
DFPS,SocSci 412,1,Spring,M1,1,20
DFPS,SocSci 412,1,Fall,M2,2,20
DFPS,SocSci 412,1,Winter,M2,2,20
DFPS,SocSci 412,1,Spring,M2,1,20
DFPS,SocSci 412,1,Fall,M3,2,20
DFPS,SocSci 412,1,Winter,M3,1,20
DFPS,SocSci 412,1,Spring,M3,2,20
DFPS,SocSci 412,1,Fall,M4,1,20
DFPS,SocSci 412,1,Winter,M4,1,20
DFPS,SocSci 412,1,Spring,M4,1,20
DFPS,SocSci 412,1,Fall,T1,2,20
DFPS,SocSci 412,1,Winter,T1,1,20
DFPS,SocSci 412,1,Spring,T1,1,20
DFPS,SocSci 412,1,Fall,T2,2,20
DFPS,SocSci 412,1,Winter,T2,1,20
DFPS,SocSci 412,1,Spring,T2,2,20
DFPS,SocSci 412,1,Fall,T3,1,20
DFPS,SocSci 412,1,Winter,T3,2,20
DFPS,SocSci 412,1,Spring,T3,1,20
DFPS,SocSci 412,1,Fall,T4,1,20
DFPS,SocSci 412,1,Winter,T4,1,20
DFPS,SocSci 412,1,Spring,T4,1,20
DFPS,PolSci 211,1,Fall,M1,2,22
DFPS,PolSci 211,1,Winter,M1,2,22
DFPS,PolSci 211,1,Spring,M1,3,22
DFPS,PolSci 211,1,Fall,M2,3,22
DFPS,PolSci 211,1,Winter,M2,3,22
DFPS,PolSci 211,1,Spring,M2,2,22
DFPS,PolSci 211,1,Fall,M3,3,22
DFPS,PolSci 211,1,Winter,M3,2,22
DFPS,PolSci 211,1,Spring,M3,3,22
DFPS,PolSci 211,1,Fall,M4,2,22
DFPS,PolSci 211,1,Winter,M4,2,22
DFPS,PolSci 211,1,Spring,M4,2,22
DFPS,PolSci 211,1,Fall,T1,3,22
DFPS,PolSci 211,1,Winter,T1,3,22
DFPS,PolSci 211,1,Spring,T1,2,22
DFPS,PolSci 211,1,Fall,T2,3,22
DFPS,PolSci 211,1,Winter,T2,3,22
DFPS,PolSci 211,1,Spring,T2,2,22
DFPS,PolSci 211,1,Fall,T3,3,22
DFPS,PolSci 211,1,Winter,T3,2,22
DFPS,PolSci 211,1,Spring,T3,3,22
DFPS,PolSci 211,1,Fall,T4,2,22
DFPS,PolSci 211,1,Winter,T4,2,22
DFPS,PolSci 211,1,Spring,T4,2,22
DFPS,PolSci 491,2,Winter,M1,1,24
DFPS,PolSci 491,2,Winter,T1,1,24
DFPS,PolSci 464,1,Winter,M2,1,24
DFPS,PolSci 481,1,Winter,M2,1,24
DFPS,PolSci 482,1,Winter,M2,1,24
DFPS,PolSci 484,1,Winter,M2,1,24
DFPS,SocSci 311,1,Winter,M2,1,20
DFPS,SocSci 311,1,Winter,M4,1,20
DFPS,SocSci 311,1,Winter,T1,1,20
DFPS,SocSci 212,1,Winter,M2,1,24
DFPS,SocSci 212,1,Winter,M3,1,24
DFPS,SocSci 212,1,Winter,T1,1,24
DFPS,SocSci 212,1,Winter,T2,1,24
DFPS,SocSci 212,1,Winter,T3,1,24
DFPS,SocSci 212,1,Winter,T4,1,24
DFPS,PolSci 473,1,Spring,M2,1,24
DFPS,PolSci 394,1,Spring,M2,1,24
DFPS,PolSci 394,1,Spring,M3,1,24
DFPS,PolSci 462,1,Spring,M2,1,24
DFPS,PolSci 462,1,Spring,M3,1,24
DFPS,PolSci 479,1,Fall,M3,1,24
DFPS,PolSci 390,1,Winter,M3,1,24
DFPS,PolSci 444,1,Winter,M3,1,24
DFPS,PolSci 496,1,Winter,M3,1,24
DFPS,PolSci 392,1,Spring,M3,1,24
DFPS,PolSci 471,1,Spring,M3,1,24
DFPS,PolSci 302,1,Spring,M3,1,24
DFPS,PolSci 302,1,Spring,T1,1,24
DFPS,PolSci 302,1,Spring,T2,1,24
DFPS,PolSci 423,1,Spring,T1,1,24
DFPS,PolSci 423,1,Spring,T2,1,24
DFPS,PolSci 423,1,Spring,T4,1,24
DFPS,PolSci 211S,1,Fall,T2,1,22
DFPS,PolSci 211S,1,Fall,T3,1,22
DFPS,SocSci 412S,1,Fall,T2,1,20
DFPS,SocSci 412S,1,Fall,T3,1,20
DFPS,PolSci 421,1,Winter,T2,1,24
DFPS,PolSci 301,1,Winter,T2,1,24
DFPS,PolSci 301,1,Winter,T3,1,24
DFPS,PolSci 445,1,Spring,T2,1,24
DFPS,PolSci 469,1,Spring,T2,1,24
DFPS,PolSci 475,1,Fall,T3,1,24
DFPS,PolSci 477,1,Fall,T3,1,24
DFPS,ForArStu 440,1,Winter,T3,1,24
DFPS,ForArStu 445,1,Winter,T3,1,24
DFPS,SocSci 467,1,Spring,T3,1,24
DFPS,SocSci 495,1,Spring,T3,1,24
DFPY,Philos 310,1,Fall,M1,3,15
DFPY,Philos 310,1,Winter,M1,2,15
DFPY,Philos 310,1,Spring,M1,3,15
DFPY,Philos 310,1,Fall,M2,3,15
DFPY,Philos 310,1,Winter,M2,3,15
DFPY,Philos 310,1,Spring,M2,2,15
DFPY,Philos 310,1,Fall,M3,2,15
DFPY,Philos 310,1,Winter,M3,3,15
DFPY,Philos 310,1,Spring,M3,3,15
DFPY,Philos 310,1,Fall,M4,2,15
DFPY,Philos 310,1,Winter,M4,2,15
DFPY,Philos 310,1,Spring,M4,2,15
DFPY,Philos 310,1,Fall,T1,3,15
DFPY,Philos 310,1,Winter,T1,3,15
DFPY,Philos 310,1,Spring,T1,2,15
DFPY,Philos 310,1,Fall,T2,2,15
DFPY,Philos 310,1,Winter,T2,3,15
DFPY,Philos 310,1,Spring,T2,2,15
DFPY,Philos 310,1,Fall,T3,3,15
DFPY,Philos 310,1,Winter,T3,2,15
DFPY,Philos 310,1,Spring,T3,3,15
DFPY,Philos 310,1,Fall,T4,2,15
DFPY,Philos 310,1,Winter,T4,2,15
DFPY,Philos 310,1,Spring,T4,3,15
DFPY,Philos 200,1,Winter,M2,1,24
DFPY,Philos 200,1,Fall,M3,1,24
DFPY,Philos 330,1,Winter,M2,1,24
DFPY,Philos 495B,1,Winter,M2,1,24
DFPY,Philos 495B,1,Winter,M3,1,24
DFPY,Philos 311,1,Spring,M2,1,24
DFPY,Philos 311,1,Winter,M3,1,24
DFPY,Philos 370,1,Spring,M2,1,24
DFPY,Philos 423,1,Spring,M2,1,24
DFPY,Philos 345,1,Winter,M3,1,24
DFPY,Philos 401,1,Winter,M3,1,24
DFPY,Philos 401,1,Fall,T2,1,24
DFPY,Philos 401,1,Fall,T3,1,24
DFPY,Philos 392,1,Spring,M3,1,24
DFPY,Philos 395,1,Spring,M3,1,24
DFPY,Philos 310S,1,Fall,M4,1,15
DFPY,Philos 310S,1,Fall,T1,1,15
DFPY,Philos 310S,1,Fall,T3,1,15
DFPY,Philos 310S,1,Fall,T4,1,15
DFPY,Philos 495,1,Winter,T2,1,24
DFPY,Philos 402,1,Spring,T2,1,24
DFPY,Philos 410,1,Spring,T2,1,24
DFPY,Philos 391,1,Winter,T3,1,24
DFR,ReadStrat 103,1x,Fall,M1,3,15
DFR,ReadStrat 103,1x,Winter,M1,1,15
DFR,ReadStrat 103,1x,Fall,M2,2,15
DFR,ReadStrat 103,1x,Winter,M2,1,15
DFR,ReadStrat 103,1x,Fall,M3,2,15
DFR,ReadStrat 103,1x,Winter,M3,1,15
DFR,ReadStrat 103,1x,Fall,M4,2,15
DFR,ReadStrat 103,1x,Winter,M4,1,15
DFR,ReadStrat 103,1x,Fall,T1,3,15
DFR,ReadStrat 103,1x,Fall,T2,2,15
DFR,ReadStrat 103,1x,Winter,T2,1,15
DFR,ReadStrat 103,1x,Fall,T3,2,15
DFR,ReadStrat 103,1x,Fall,T4,2,15
DFR,LearnStrat 101,1,Fall,M1,1,15
DFR,LearnStrat 101,1,Fall,M2,2,15
DFR,LearnStrat 101,1,Fall,M3,2,15
DFR,LearnStrat 101,1,Fall,M4,1,15
DFR,LearnStrat 101,1,Fall,T1,1,15
DFR,LearnStrat 101,1,Fall,T2,1,15
DFR,LearnStrat 101,1,Fall,T3,1,15
DFR,LearnStrat 101,1,Fall,T4,1,15
DFR,Aviation 402,1xx,Winter,M1,1,10
DFR,Aviation 402,1xx,Winter,M2,1,10
DFR,Aviation 402,1xx,Winter,T2,1,10
DFR,Aviation 200,1xx,Spring,M1,1,10
DFR,Aviation 200,1xx,Spring,M2,1,10
DFR,Aviation 200,1xx,Spring,M3,1,10
DFR,Aviation 200,1xx,Spring,T1,1,10
DFR,ExtProg 708,1,Fall,M2,1,999
DFR,ExtProg 708,1,Winter,T2,1,999
DFR,ExtProg 710,1,Fall,M2,1,999
DFR,ExtProg 710,1,Winter,M2,1,999
DFR,EAP 109,1,Fall,M2,1,15
DFR,EAP 109,1,Fall,M3,1,15
DFR,LearnStrat 102,1x,Spring,M2,1,15
DFR,LearnStrat 102,1x,Spring,M3,1,15
DFR,Aviation 300,1xx,Fall,T2,1,10
DFR,Aviation 300,1xx,Fall,T3,1,10
DFR,ExtProg 700,1,Fall,T2,1,999
DFR,LearnStrat 101Y,1,Fall,T3,1,999
AD,PhyEd 700F,1xx,Fall,M1,1,500
AD,PhyEd 700F,1xx,Fall,M2,1,500
AD,PhyEd 700F,1xx,Fall,M3,1,500
AD,PhyEd 700F,1xx,Fall,M4,1,500
AD,PhyEd 700F,1xx,Fall,T1,1,500
AD,PhyEd 700F,1xx,Fall,T2,1,500
AD,PhyEd 700F,1xx,Fall,T3,1,500
AD,PhyEd 700F,1xx,Fall,T4,1,500
AD,PhyEd 700W,1xx,Winter,M1,1,500
AD,PhyEd 700W,1xx,Winter,M2,1,500
AD,PhyEd 700W,1xx,Winter,M3,1,500
AD,PhyEd 700W,1xx,Winter,M4,1,500
AD,PhyEd 700W,1xx,Winter,T1,1,500
AD,PhyEd 700W,1xx,Winter,T2,1,500
AD,PhyEd 700W,1xx,Winter,T3,1,500
AD,PhyEd 700W,1xx,Winter,T4,1,500
AD,PhyEd 700S,1xx,Spring,M1,1,500
AD,PhyEd 700S,1xx,Spring,M2,1,500
AD,PhyEd 700S,1xx,Spring,M3,1,500
AD,PhyEd 700S,1xx,Spring,M4,1,500
AD,PhyEd 700S,1xx,Spring,T1,1,500
AD,PhyEd 700S,1xx,Spring,T2,1,500
AD,PhyEd 700S,1xx,Spring,T3,1,500
AD,PhyEd 700S,1xx,Spring,T4,1,500
AD,PhyEd 711F,1,Fall,M1,1,4000
AD,PhyEd 712F,1,Fall,M2,1,4000
AD,PhyEd 713F,1,Fall,M3,1,4000
AD,PhyEd 714F,1,Fall,M4,1,4000
AD,PhyEd 715F,1,Fall,T1,1,4000
AD,PhyEd 716F,1,Fall,T2,1,4000
AD,PhyEd 717F,1,Fall,T3,1,4000
AD,PhyEd 718F,1,Fall,T4,1,4000
AD,PhyEd 711W,1,Winter,M1,1,4000
AD,PhyEd 712W,1,Winter,M2,1,4000
AD,PhyEd 713W,1,Winter,M3,1,4000
AD,PhyEd 714W,1,Winter,M4,1,4000
AD,PhyEd 715W,1,Winter,T1,1,4000
AD,PhyEd 716W,1,Winter,T2,1,4000
AD,PhyEd 717W,1,Winter,T3,1,4000
AD,PhyEd 718W,1,Winter,T4,1,4000
AD,PhyEd 711S,1,Spring,M1,1,4000
AD,PhyEd 712S,1,Spring,M2,1,4000
AD,PhyEd 713S,1,Spring,M3,1,4000
AD,PhyEd 714S,1,Spring,M4,1,4000
AD,PhyEd 715S,1,Spring,T1,1,4000
AD,PhyEd 716S,1,Spring,T2,1,4000
AD,PhyEd 717S,1,Spring,T3,1,4000
AD,PhyEd 718S,1,Spring,T4,1,4000
306FTG,ArmnShp 461,2,Fall,M3,1,35
306FTG,ArmnShp 461,2,Fall,T3,1,35
306FTG,ArmnShp 461,2,Winter,M3,1,35
306FTG,ArmnShp 461,2,Winter,T3,1,35
306FTG,ArmnShp 461,2,Spring,M3,1,35
306FTG,ArmnShp 461,2,Spring,T3,1,35
306FTG,ArmnShp 465,2,Fall,M1,1,5
306FTG,ArmnShp 465,2,Fall,M3,1,5
306FTG,ArmnShp 465,2,Fall,T1,1,5
306FTG,ArmnShp 465,2,Fall,T3,1,5
306FTG,ArmnShp 465,2,Winter,M1,1,5
306FTG,ArmnShp 465,2,Winter,M3,1,5
306FTG,ArmnShp 465,2,Winter,T1,1,5
306FTG,ArmnShp 465,2,Winter,T3,1,5
306FTG,ArmnShp 465,2,Spring,M1,1,5
306FTG,ArmnShp 465,2,Spring,M3,1,5
306FTG,ArmnShp 465,2,Spring,T1,1,5
306FTG,ArmnShp 465,2,Spring,T3,1,5
306FTG,ArmnShp 471,2,Fall,M1,1,60
306FTG,ArmnShp 471,2,Fall,M3,1,60
306FTG,ArmnShp 471,2,Fall,T1,1,60
306FTG,ArmnShp 471,2,Fall,T3,1,60
306FTG,ArmnShp 471,2,Winter,M1,1,60
306FTG,ArmnShp 471,2,Winter,M3,1,60
306FTG,ArmnShp 471,2,Winter,T1,1,60
306FTG,ArmnShp 471,2,Winter,T3,1,60
306FTG,ArmnShp 471,2,Spring,M1,1,60
306FTG,ArmnShp 471,2,Spring,M3,1,60
306FTG,ArmnShp 471,2,Spring,T1,1,60
306FTG,ArmnShp 471,2,Spring,T3,1,60
306FTG,ArmnShp 473,2,Fall,M3,1,30
306FTG,ArmnShp 473,2,Fall,T3,1,30
306FTG,ArmnShp 473,2,Winter,M3,1,30
306FTG,ArmnShp 473,2,Winter,T3,1,30
306FTG,ArmnShp 473,2,Spring,M3,1,30
306FTG,ArmnShp 473,2,Spring,T3,1,30
306FTG,ArmnShp 474,2,Fall,M3,1,10
306FTG,ArmnShp 474,2,Fall,T3,1,10
306FTG,ArmnShp 474,2,Winter,M3,1,10
306FTG,ArmnShp 474,2,Winter,T3,1,10
306FTG,ArmnShp 474,2,Spring,M3,1,10
306FTG,ArmnShp 474,2,Spring,T3,1,10
306FTG,ArmnShp 475,2,Fall,M1,1,10
306FTG,ArmnShp 475,2,Fall,T1,1,10
306FTG,ArmnShp 475,2,Winter,M1,1,10
306FTG,ArmnShp 475,2,Winter,T1,1,10
306FTG,ArmnShp 475,2,Spring,M1,1,10
306FTG,ArmnShp 475,2,Spring,T1,1,10
306FTG,ArmnShp 491,2,Fall,M1,1,10
306FTG,ArmnShp 491,2,Fall,T1,1,10
306FTG,ArmnShp 491,2,Winter,M1,1,10
306FTG,ArmnShp 491,2,Winter,T1,1,10
306FTG,ArmnShp 491,2,Spring,M1,1,10
306FTG,ArmnShp 491,2,Spring,T1,1,10
306FTG,ArmnShp 496,2,Fall,M1,1,30
306FTG,ArmnShp 496,2,Fall,T1,1,30
306FTG,ArmnShp 496,2,Winter,M1,1,15
306FTG,ArmnShp 496,2,Winter,T1,1,15
306FTG,ArmnShp 496,2,Spring,M1,1,15
306FTG,ArmnShp 496,2,Spring,T1,1,15
306FTG,ArmnShp 461F,2,Fall,M3,1,35
306FTG,ArmnShp 461F,2,Fall,T3,1,35
306FTG,ArmnShp 461W,2,Winter,M3,1,35
306FTG,ArmnShp 461W,2,Winter,T3,1,35
306FTG,ArmnShp 461S,2,Spring,M3,1,35
306FTG,ArmnShp 461S,2,Spring,T3,1,35
306FTG,ArmnShp 465F,2,Fall,M1,1,10
306FTG,ArmnShp 465F,2,Fall,T1,1,10
306FTG,ArmnShp 465W,2,Winter,M1,1,10
306FTG,ArmnShp 465W,2,Winter,T1,1,10
306FTG,ArmnShp 465S,2,Spring,M1,1,10
306FTG,ArmnShp 465S,2,Spring,T1,1,10
306FTG,ArmnShp 465F,2,Fall,M3,1,10
306FTG,ArmnShp 465F,2,Fall,T3,1,10
306FTG,ArmnShp 465W,2,Winter,M3,1,10
306FTG,ArmnShp 465W,2,Winter,T3,1,10
306FTG,ArmnShp 465S,2,Spring,M3,1,10
306FTG,ArmnShp 465S,2,Spring,T3,1,10
306FTG,ArmnShp 474F,2,Fall,M3,1,5
306FTG,ArmnShp 474F,2,Fall,T3,1,5
306FTG,ArmnShp 474W,2,Winter,M3,1,5
306FTG,ArmnShp 474W,2,Winter,T3,1,5
306FTG,ArmnShp 474S,2,Spring,M3,1,5
306FTG,ArmnShp 474S,2,Spring,T3,1,5
306FTG,ArmnShp 475F,2,Fall,M1,1,5
306FTG,ArmnShp 475F,2,Fall,T1,1,5
306FTG,ArmnShp 475W,2,Winter,M1,1,5
306FTG,ArmnShp 475W,2,Winter,T1,1,5
306FTG,ArmnShp 475S,2,Spring,M1,1,5
306FTG,ArmnShp 475S,2,Spring,T1,1,5
306FTG,ArmnShp 475F,2,Fall,M3,1,5
306FTG,ArmnShp 475F,2,Fall,T3,1,5
306FTG,ArmnShp 475W,2,Winter,M3,1,5
306FTG,ArmnShp 475W,2,Winter,T3,1,5
306FTG,ArmnShp 475S,2,Spring,M3,1,5
306FTG,ArmnShp 475S,2,Spring,T3,1,5
306FTG,ArmnShp 491F,2,Fall,M1,1,20
306FTG,ArmnShp 491F,2,Fall,T1,1,20
306FTG,ArmnShp 491W,2,Winter,M1,1,20
306FTG,ArmnShp 491W,2,Winter,T1,1,20
306FTG,ArmnShp 491S,2,Spring,M1,1,20
306FTG,ArmnShp 491S,2,Spring,T1,1,20
306FTG,ArmnShp 496F,2,Fall,M1,1,35
306FTG,ArmnShp 496F,2,Fall,T1,1,35
306FTG,ArmnShp 496W,2,Winter,M1,1,35
306FTG,ArmnShp 496W,2,Winter,T1,1,35
306FTG,ArmnShp 496S,2,Spring,M1,1,35
306FTG,ArmnShp 496S,2,Spring,T1,1,35
